actual_tte,predicted_tte,fold,satellite
2.0,178.18915723729577,6,@GG0407
66.0,150.75384144756214,9,@GG0407
6.0,200.16257272113717,4,@GG0407
45.0,153.4317213005334,6,@GG0407
88.0,166.1668937911243,8,@GG0407
1.0,228.35623383528403,6,@GG0407
98.0,131.30625761721066,4,@GG0407
86.0,182.19087361824575,6,@GG0407
119.0,182.08589354550912,2,@GG0407
45.0,192.47083857907614,7,@GG0407
5.0,178.53282059377042,5,@GG0407
153.0,139.1797849660246,8,@GG0407
1.0,234.6526501843024,5,@GG0407
133.0,129.97009381238385,2,@GG0407
237.0,184.01363173512328,5,@GG0407
6.0,204.66795281601202,4,@GG0407
23.0,137.38527843372708,8,@GG0407
2.0,159.35870740051027,5,@GG0407
2.0,134.41086098418668,1,@GG0407
45.0,132.71557928685925,8,@GG0407
53.0,151.02728182450363,2,@GG0407
18.0,154.82827083631554,9,@GG0407
179.0,143.54394045946174,5,@GG0407
41.0,185.93095668274634,2,@GG0407
48.0,154.35015263233163,6,@GG0407
5.0,153.82414950608927,1,@GG0407
148.0,130.74038751265283,4,@GG0407
1.0,197.23943091497267,6,@GG0501
3.0,154.69112646182276,7,@GG0501
4.0,155.195319497337,0,@GG0501
7.0,158.25791914200403,3,@GG0501
9.0,164.9943282132042,5,@GG0501
12.0,162.7051842824846,3,@GG0501
12.0,156.30812638786773,6,@GG0501
5.0,146.81893466502802,9,@GG0501
37.0,138.59103240661523,8,@GG0501
8.0,159.58794097212024,8,@GG0501
5.0,142.4460599748383,3,@GG0501
7.0,131.91373743551594,7,@GG0501
6.0,140.3152056570401,3,@GG0501
3.0,132.7604930606384,7,@GG0501
3.0,133.0531519384038,4,@GG0501
2.0,137.58597247821123,6,@GG0501
22.0,132.84625181647667,0,@GG0501
4.0,150.45234807560567,0,@GG0501
14.0,136.23678863336323,3,@GG0501
37.0,148.1354858610175,8,@GG0501
70.0,173.15368310318334,6,@GG0501
11.0,181.16177418354093,1,@GG0501
23.0,145.34978276331583,1,@GG0501
25.0,146.9573420138657,8,@GG0501
1.0,153.7064777310788,1,@GG0501
10.0,134.16349343141127,6,@GG0501
60.0,141.36007036004574,3,@GG0501
58.0,159.9653428651142,5,@GG0501
2.0,159.63334964467225,6,@GG0501
32.0,129.51795317385424,0,@GG0501
2.0,138.50245605016264,7,@GG0501
5.0,128.41004580855957,4,@GG0501
4.0,131.237638381723,2,@GG0501
1.0,134.07206758575185,6,@GG0501
9.0,129.087623211879,8,@GG0501
40.0,128.2509680761953,7,@GG0501
84.0,149.94504455530534,2,@GG0501
1.0,171.32069289161112,9,@GG0501
47.0,129.9529128752968,2,@GG0501
25.0,155.1578184578003,6,@GG0501
38.0,143.79483073614998,1,@GG0501
36.0,150.51794860575183,6,@GG0501
13.0,143.9800689030725,0,@GG0501
14.0,135.49308024474095,1,@GG0501
18.0,134.09695576182085,2,@GG0501
1.0,137.2594190790873,4,@GG0501
34.0,126.47180590218706,1,@GG0501
11.0,147.25312580002185,6,@GG0501
9.0,126.74748145631091,7,@GG0501
9.0,132.8992493004238,1,@GG0501
45.0,136.69585977460144,6,@GG0501
31.0,150.71595463374172,3,@GG0501
1.0,136.7986171758008,7,@GG0501
1.0,129.72930921950086,6,@GG0501
45.0,126.84056191090656,4,@GG0501
6.0,153.86327008789357,6,@GG0501
11.0,133.2951833644751,3,@GG0501
7.0,136.5868467133995,1,@GG0501
2.0,136.11399441464323,6,@GG0501
1.0,130.6291140997728,5,@GG0501
11.0,125.38582990132926,2,@GG0501
1.0,137.97036883399429,5,@GG0501
1.0,127.71104030639752,8,@GG0501
1.0,205.08646243935982,7,@GG0502
1.0,176.55294982182517,3,@GG0502
2.0,160.72524753333,6,@GG0502
4.0,155.22016374126252,0,@GG0502
1.0,161.25342929846258,6,@GG0502
1.0,145.6853186807174,9,@GG0502
2.0,143.0476710464188,1,@GG0502
11.0,149.10518517677718,6,@GG0502
9.0,155.8421278982527,9,@GG0502
13.0,148.7207301063052,2,@GG0502
3.0,154.6300460361788,0,@GG0502
32.0,142.12839501274743,4,@GG0502
27.0,174.40701954600647,6,@GG0502
3.0,155.54058227137335,9,@GG0502
3.0,130.63700255314458,7,@GG0502
18.0,134.9628522870307,2,@GG0502
11.0,157.01813932498231,6,@GG0502
8.0,141.4670935467366,4,@GG0502
25.0,132.41630463290537,7,@GG0502
62.0,152.45982829958888,1,@GG0502
20.0,166.48511764501052,6,@GG0502
6.0,142.60841276949304,0,@GG0502
10.0,135.018235298873,5,@GG0502
12.0,137.42817299319685,5,@GG0502
5.0,141.62660371685877,8,@GG0502
12.0,131.36867893833494,2,@GG0502
41.0,141.84255958748275,8,@GG0502
14.0,169.92036863879719,6,@GG0502
1.0,143.52437194717476,2,@GG0502
6.0,132.5886483118947,8,@GG0502
14.0,138.69438877434152,2,@GG0502
27.0,142.03965798045726,2,@GG0502
9.0,160.11770264831486,9,@GG0502
125.0,141.5976867226329,3,@GG0502
3.0,184.56383530412813,1,@GG0502
49.0,132.76045428225174,6,@GG0502
5.0,152.94999422263666,5,@GG0502
22.0,131.51878579382358,8,@GG0502
4.0,142.0638069825871,1,@GG0502
2.0,133.00190471933885,5,@GG0502
17.0,128.76152940117822,9,@GG0502
2.0,140.17143757577347,5,@GG0502
26.0,130.18588667664235,6,@GG0502
30.0,135.15911969989588,7,@GG0502
4.0,146.62713058569443,0,@GG0502
99.0,132.24475021261944,1,@GG0502
50.0,175.36852291743716,4,@GG0502
21.0,155.08266168072004,6,@GG0502
27.0,141.74036787707382,5,@GG0502
10.0,143.37938521074858,5,@GG0502
68.0,135.4295070416673,5,@GG0502
1.0,150.44722719697558,4,@GG0502
3.0,127.84754148093887,5,@GG0502
6.0,121.15028695402918,7,@GG0502
10.0,132.39718146854406,6,@GG0502
1.0,125.68087344389805,7,@GG0502
10.0,126.86015369608315,9,@GG0502
2.0,135.92991362607506,5,@GG0502
9.0,127.25220140034318,4,@GG0502
23.0,132.33113360687514,1,@GG0502
6.0,138.9251793549778,4,@GG0502
5.0,129.40912051746426,2,@GG0502
3.0,131.77300280782967,3,@GG0502
54.0,129.03638361801106,8,@GG0502
5.0,147.427862634137,8,@GG0502
15.0,134.2496324401505,5,@GG0502
7.0,141.18378166544917,5,@GG0502
2.0,132.98247027698,1,@GG0502
4.0,126.92308616037914,2,@GG0502
3.0,130.16579508188693,8,@GG0502
12.0,128.84431082901455,9,@GG0502
53.0,133.45562061788132,9,@GG0502
5.0,149.73803206063008,2,@GG0502
17.0,131.0523246944467,1,@GG0502
168.0,246.32196898667738,4,@GG0502
20.0,207.68791687278343,6,@GG0503
8.0,198.79591496574315,7,@GG0503
10.0,185.85779732141827,4,@GG0503
27.0,179.2483051547635,1,@GG0503
27.0,179.40495106336732,7,@GG0503
5.0,172.4257514583981,0,@GG0503
8.0,151.79429581910662,5,@GG0503
5.0,146.25288555798005,7,@GG0503
4.0,144.18731550839922,0,@GG0503
1.0,143.14152435220052,1,@GG0503
87.0,137.6033292377051,3,@GG0503
52.0,162.2564273456855,7,@GG0503
4.0,163.92863787426148,1,@GG0503
11.0,133.00565193837937,2,@GG0503
34.0,139.99439561658363,0,@GG0503
14.0,151.2708962636176,8,@GG0503
3.0,144.15445437121718,4,@GG0503
64.0,133.4742994536208,4,@GG0503
26.0,179.76567232948196,6,@GG0503
21.0,158.0460512280659,1,@GG0503
4.0,155.5719402703056,2,@GG0503
5.0,137.2384620815684,9,@GG0503
2.0,137.97852339100186,4,@GG0503
2.0,133.15510234920063,0,@GG0503
17.0,131.72904588877532,9,@GG0503
12.0,138.56827037545494,8,@GG0503
10.0,135.5899056348125,8,@GG0503
39.0,137.46965840375373,1,@GG0503
16.0,154.41831510387016,6,@GG0503
12.0,140.17721104893462,3,@GG0503
16.0,139.85454897393106,5,@GG0503
14.0,137.8779608945238,0,@GG0503
47.0,136.76630790075288,9,@GG0503
21.0,150.64791714568696,2,@GG0503
7.0,139.9004214270115,0,@GG0503
12.0,133.97361879432427,9,@GG0503
17.0,136.04844266537233,9,@GG0503
21.0,137.6977609140581,9,@GG0503
7.0,140.66237351072135,2,@GG0503
21.0,135.6695249668261,6,@GG0503
1.0,141.1252864324349,2,@GG0503
3.0,128.61253959808658,9,@GG0503
5.0,129.05201756704747,2,@GG0503
2.0,132.23554302744594,0,@GG0503
36.0,131.23254717444442,3,@GG0503
10.0,146.6524976163995,0,@GG0503
8.0,135.91805512293678,0,@GG0503
7.0,136.5507527981889,1,@GG0503
10.0,136.1457578229142,6,@GG0503
12.0,136.54714918781582,5,@GG0503
3.0,138.648052023716,5,@GG0503
28.0,129.57558648890802,8,@GG0503
6.0,148.21512585328213,5,@GG0503
7.0,132.76289653916214,0,@GG0503
3.0,132.50109640123327,1,@GG0503
6.0,129.0362317617702,1,@GG0503
2.0,133.03040815800654,3,@GG0503
13.0,250.482023637567,3,@GG0503
34.0,129.39743754425118,7,@GG0503
6.0,211.41371512488502,5,@GG0504
2.0,174.4005203231806,8,@GG0504
10.0,161.93856261622886,3,@GG0504
25.0,173.01918419219425,6,@GG0504
31.0,183.6319074782952,6,@GG0504
102.0,176.7098031257338,0,@GG0504
4.0,188.4780848090715,2,@GG0504
1.0,139.62567029004634,1,@GG0504
21.0,135.26280097519643,6,@GG0504
10.0,153.50191101764858,1,@GG0504
21.0,137.02887033443918,7,@GG0504
7.0,155.85349713431958,6,@GG0504
1.0,140.62215606546977,4,@GG0504
8.0,132.41012628696532,1,@GG0504
2.0,145.54704264684366,6,@GG0504
10.0,134.21606171020204,0,@GG0504
7.0,142.92590066319283,1,@GG0504
3.0,139.4741869675039,9,@GG0504
9.0,137.39177499693176,6,@GG0504
18.0,144.40096995907868,5,@GG0504
3.0,145.13982453581536,4,@GG0504
4.0,134.4077925583021,8,@GG0504
13.0,135.43224720144445,0,@GG0504
20.0,143.8898812724312,0,@GG0504
1.0,153.35760810730807,6,@GG0504
6.0,133.48763085278074,6,@GG0504
2.0,137.3718226424504,4,@GG0504
52.0,133.33558966366598,0,@GG0504
12.0,152.71950340537575,0,@GG0504
8.0,135.99492064599198,9,@GG0504
9.0,134.24376376000492,0,@GG0504
3.0,127.10140312540611,7,@GG0504
11.0,127.7885702395546,2,@GG0504
3.0,135.197404380264,8,@GG0504
4.0,130.32973694019628,5,@GG0504
1.0,130.68910805185658,0,@GG0504
1.0,128.5020168218752,5,@GG0504
4.0,129.17951816279765,3,@GG0504
5.0,129.2026453147273,9,@GG0504
12.0,129.02385850204004,2,@GG0504
32.0,127.92710179888941,7,@GG0504
12.0,142.278397080031,4,@GG0504
16.0,136.2777274331704,3,@GG0504
4.0,139.0019225261492,6,@GG0504
3.0,130.02280856872284,8,@GG0504
3.0,130.40821749265558,5,@GG0504
3.0,130.63884800229013,3,@GG0504
2.0,128.11081760606461,4,@GG0504
3.0,126.97783227164317,2,@GG0504
17.0,128.50549965606518,4,@GG0504
10.0,137.16328439240155,4,@GG0504
5.0,133.91252543555714,2,@GG0504
11.0,132.30833851158633,6,@GG0504
1.0,135.6361012472839,3,@GG0504
2.0,127.77010178171325,8,@GG0504
7.0,128.33683162046117,0,@GG0504
2.0,133.44530437779025,6,@GG0504
8.0,126.13505395631276,2,@GG0504
7.0,133.41716656664204,0,@GG0504
3.0,131.8140223120863,2,@GG0504
3.0,130.03284861286747,8,@GG0504
5.0,132.14880066334496,5,@GG0504
13.0,129.80186711098557,2,@GG0504
10.0,136.39079906653888,2,@GG0504
6.0,138.96859525988245,5,@GG0504
1.0,132.28853418052813,1,@GG0504
13.0,127.37979394619282,1,@GG0504
1.0,136.5815768726333,1,@GG0504
3.0,126.62027789225519,4,@GG0504
1.0,129.34980745182793,9,@GG0504
11.0,129.54557914628253,3,@GG0504
12.0,138.22796638669354,5,@GG0504
7.0,135.25825746292057,0,@GG0504
30.0,131.13477339438154,2,@GG0504
2.0,142.4122909445563,2,@GG0504
15.0,128.39667197830994,1,@GG0504
10.0,138.39129472651305,3,@GG0504
1.0,132.99312175644243,8,@GG0504
4.0,128.72746947308454,6,@GG0504
1.0,130.14993970975397,1,@GG0504
10.0,125.52613646461181,2,@GG0504
2.0,135.68032455889377,3,@GG0504
1.0,127.03817682920153,2,@GG0504
20.0,127.06266598150845,1,@GG0504
3.0,136.18070224216768,2,@GG0504
159.0,130.1186435739861,3,@GG0504
20.0,246.39551377999086,4,@GG0504
20.0,139.15371353182599,2,@GG0504
5.0,143.97749656291336,5,@GG0504
11.0,129.55699660044746,2,@GG0504
2.0,136.45783056257918,6,@GG0504
2.0,205.14022228876996,3,@GG0505
4.0,160.8566034794455,2,@GG0505
1.0,156.55740623720806,9,@GG0505
1.0,147.65850811876285,3,@GG0505
1.0,143.22745319046842,5,@GG0505
8.0,140.55177958699647,5,@GG0505
5.0,149.15701743052688,1,@GG0505
5.0,145.09916525991565,3,@GG0505
7.0,145.63616497319248,5,@GG0505
1.0,145.34284228589718,2,@GG0505
1.0,138.90939959167463,5,@GG0505
1.0,138.06581292775397,5,@GG0505
1.0,132.48820878086303,4,@GG0505
1.0,136.64918398185335,5,@GG0505
25.0,131.61521497511248,4,@GG0505
29.0,154.30417373574164,9,@GG0505
2.0,155.46296928776763,3,@GG0505
52.0,134.10878259237927,0,@GG0505
11.0,178.68844039817566,5,@GG0505
2.0,142.6484897467052,4,@GG0505
8.0,131.47647737351247,8,@GG0505
6.0,140.7989294579612,6,@GG0505
10.0,134.3134988630298,9,@GG0505
2.0,131.7050113690987,7,@GG0505
8.0,128.95335297067683,4,@GG0505
1.0,136.37455509385418,1,@GG0505
2.0,130.3933430716198,5,@GG0505
2.0,130.03966182869925,1,@GG0505
2.0,131.67681034486606,3,@GG0505
1.0,131.59696289786814,3,@GG0505
1.0,130.02531451644978,6,@GG0505
7.0,129.99860343870165,5,@GG0505
6.0,126.51948852069532,7,@GG0505
5.0,133.50520727198685,3,@GG0505
2.0,133.54169107470216,6,@GG0505
4.0,129.05072332658932,1,@GG0505
10.0,128.49645801970954,2,@GG0505
5.0,135.684692112603,3,@GG0505
10.0,132.01653894330212,1,@GG0505
8.0,134.5669553254244,1,@GG0505
4.0,135.6642680725836,5,@GG0505
10.0,130.46778183247775,8,@GG0505
16.0,126.84126759543136,7,@GG0505
4.0,135.76572393837267,4,@GG0505
4.0,131.9170091021943,6,@GG0505
2.0,128.49245374545012,2,@GG0505
7.0,128.48133919584495,0,@GG0505
4.0,133.60153039211866,6,@GG0505
7.0,128.35774633437939,4,@GG0505
12.0,133.32652273968029,6,@GG0505
7.0,135.83678538922368,3,@GG0505
4.0,130.7697690958115,2,@GG0505
2.0,129.24320731297811,1,@GG0505
1.0,127.2919735508137,1,@GG0505
5.0,127.79317921826733,8,@GG0505
16.0,132.40301485146188,5,@GG0505
1.0,136.24132998035793,4,@GG0505
19.0,119.7240529825389,7,@GG0505
26.0,129.61135109088576,7,@GG0505
1.0,141.47302630402808,2,@GG0505
3.0,129.9845560040316,5,@GG0505
25.0,129.2381350162402,4,@GG0505
8.0,141.86955287920514,2,@GG0505
32.0,133.90181041528737,9,@GG0505
32.0,143.14838241250484,9,@GG0505
42.0,144.7593841114997,3,@GG0505
1.0,147.79214702380222,3,@GG0505
1.0,125.23451125164533,2,@GG0505
8.0,127.04951060035167,1,@GG0505
13.0,126.2212817726867,7,@GG0505
3.0,139.8473785689646,5,@GG0505
11.0,122.76197735963402,7,@GG0505
26.0,134.23766282097617,1,@GG0505
39.0,142.7803583384934,6,@GG0505
26.0,195.5226000003926,7,@GG0505
3.0,147.11991714761712,5,@GG0505
3.0,129.1601546845269,9,@GG0505
18.0,129.12774454370944,9,@GG0505
3.0,139.19955880947612,3,@GG0505
3.0,130.85925550443352,3,@GG0505
1.0,122.58058289227772,7,@GG0505
2.0,127.33284859414749,8,@GG0505
3.0,127.48919391176787,9,@GG0505
4.0,128.41167951832256,4,@GG0505
11.0,129.29470505749669,8,@GG0505
1.0,132.18588221161278,9,@GG0505
4.0,128.35133026019528,5,@GG0505
2.0,129.6850161471384,0,@GG0505
2.0,126.72094240135986,9,@GG0505
3.0,120.82784027407051,7,@GG0505
3.0,190.78881581578383,4,@GG0506
14.0,173.3471802269849,1,@GG0506
2.0,163.20436757136804,0,@GG0506
2.0,146.49186853627947,1,@GG0506
1.0,139.5005154845503,2,@GG0506
7.0,137.8664506619045,1,@GG0506
4.0,147.8979264586256,3,@GG0506
1.0,137.95903439690233,8,@GG0506
57.0,131.09086654826586,4,@GG0506
53.0,168.4773378288146,1,@GG0506
5.0,165.24396122968784,4,@GG0506
2.0,137.38763070006138,1,@GG0506
1.0,132.31934271420943,8,@GG0506
6.0,130.56217456099554,9,@GG0506
79.0,137.89631964804659,5,@GG0506
14.0,166.04363446352176,0,@GG0506
20.0,146.93946659112692,5,@GG0506
3.0,147.69685477084516,0,@GG0506
48.0,132.04037428902006,2,@GG0506
6.0,164.07226970617216,6,@GG0506
125.0,137.3244496853726,3,@GG0506
24.0,199.53932375395948,1,@GW0101
5.0,193.20038745877093,2,@GW0101
4.0,162.63601313958424,5,@GW0101
8.0,153.01455166010498,3,@GW0101
2.0,153.4927178981829,1,@GW0101
1.0,137.95474561451778,4,@GW0101
8.0,134.87220486162582,0,@GW0101
1.0,145.90014289541006,1,@GW0101
8.0,135.05477459960815,6,@GW0101
1.0,139.5776062223151,0,@GW0101
1.0,134.2679026661736,3,@GW0101
1.0,132.47132147865622,6,@GW0101
1.0,130.9656452253125,1,@GW0101
1.0,129.04849735754362,4,@GW0101
1.0,130.18660749332588,1,@GW0101
1.0,128.480431534148,4,@GW0101
1.0,128.2423352167461,4,@GW0101
1.0,129.3234006726992,1,@GW0101
1.0,122.66112843956226,7,@GW0101
5.0,128.88883348337302,1,@GW0101
1.0,134.89641120626138,6,@GW0101
2.0,130.74153427769846,3,@GW0101
1.0,131.27569436174494,6,@GW0101
2.0,121.86210285800595,7,@GW0101
4.0,129.54822216653088,0,@GW0101
2.0,130.12474210513338,4,@GW0101
1.0,127.84350385650612,9,@GW0101
2.0,129.82742210981132,3,@GW0101
2.0,121.71329793656504,7,@GW0101
1.0,126.99904976860064,9,@GW0101
2.0,127.08290166973201,8,@GW0101
5.0,128.37452611972998,0,@GW0101
20.0,132.3446702339894,3,@GW0101
3.0,136.09397336177148,9,@GW0101
1.0,121.6752870430589,7,@GW0101
38.0,126.34930097544799,1,@GW0101
18.0,145.35457310482641,3,@GW0101
31.0,136.11993733809823,1,@GW0101
3.0,138.9976003274835,0,@GW0101
22.0,126.91443283454714,4,@GW0101
1.0,134.88551891624635,9,@GW0101
1.0,126.63745760955024,6,@GW0101
1.0,124.60230805251061,4,@GW0101
1.0,126.33132552866041,8,@GW0101
4.0,118.5257700356801,7,@GW0101
2.0,128.47570339035832,0,@GW0101
3.0,127.07564787890357,0,@GW0101
13.0,128.47270768403513,6,@GW0101
1.0,131.95631017208882,9,@GW0101
1.0,118.78377521524845,7,@GW0101
1.0,124.87465069762541,4,@GW0101
5.0,126.71888407827552,5,@GW0101
4.0,127.89144803433135,1,@GW0101
2.0,128.0065782512098,1,@GW0101
12.0,127.47948403651978,0,@GW0101
1.0,132.78983802761132,4,@GW0101
1.0,126.64196272276196,0,@GW0101
25.0,128.1186746303998,3,@GW0101
1.0,142.27760705350798,6,@GW0101
1.0,127.25488496352328,0,@GW0101
2.0,127.25214091610937,0,@GW0101
10.0,128.20368472597713,8,@GW0101
49.0,185.10172100347359,9,@PN0302
68.0,205.0398816429144,3,@PN0302
1.0,199.31276728498156,4,@PN0302
11.0,134.59619404058884,7,@PN0302
1.0,152.2061244522284,9,@PN0302
31.0,135.1406286890843,4,@PN0302
47.0,164.36931790768176,2,@PN0302
22.0,163.7986292619936,0,@PN0302
205.0,145.62920846043312,8,@PN0302
27.0,195.45770508280853,1,@PN0302
74.0,146.8676466821694,8,@PN0302
22.0,163.8145367849899,7,@PN0302
3.0,148.16453069499477,2,@PN0302
9.0,127.13425194143738,7,@PN0302
28.0,136.19169633075097,9,@PN0302
11.0,150.6628080745014,6,@PN0302
5.0,198.90308989641255,7,@PN0302
36.0,134.21344425990588,3,@PN0302
236.0,147.84925988398163,2,@PN0302
229.0,185.45278420398188,0,@PN0302
85.0,204.05476870566775,0,@PN0302
2.0,180.29844195326143,1,@PN0302
149.0,192.00508362351766,7,@PN0303
27.0,234.09269331016648,2,@PN0303
41.0,174.814797009595,8,@PN0303
42.0,176.13055324854716,4,@PN0303
75.0,175.79706102695673,2,@PN0303
8.0,176.90694564505657,8,@PN0303
6.0,148.28899950757113,5,@PN0303
6.0,133.25052136692486,7,@PN0303
3.0,138.9649486351074,0,@PN0303
7.0,135.5062465391926,2,@PN0303
29.0,140.72486064782424,4,@PN0303
3.0,160.28553411215916,1,@PN0303
1.0,135.69647315802152,0,@PN0303
13.0,134.3205665865289,6,@PN0303
67.0,140.50755120864807,8,@PN0303
1.0,173.6441103602449,6,@PN0303
4.0,128.7944536727698,2,@PN0303
16.0,134.20043671932967,0,@PN0303
6.0,146.68608736547554,1,@PN0303
2.0,135.55261509357206,2,@PN0303
2.0,132.6098609512077,1,@PN0303
1.0,132.67807254922488,5,@PN0303
25.0,129.86002625982061,1,@PN0303
1.0,150.99725120262065,6,@PN0303
24.0,131.627774677908,3,@PN0303
13.0,142.50703751227599,2,@PN0303
13.0,140.60178938657418,6,@PN0303
27.0,135.8994446262534,8,@PN0303
2.0,144.56917873508579,3,@PN0303
19.0,121.32156050435995,7,@PN0303
37.0,138.1123054554696,9,@PN0303
13.0,146.1397178934235,6,@PN0303
3.0,136.05534657778483,6,@PN0303
10.0,126.97495876639513,2,@PN0303
2.0,133.79983206900118,0,@PN0303
1.0,129.15336633890263,6,@PN0303
1.0,127.51515810413783,8,@PN0303
1.0,127.95467337018982,6,@PN0303
1.0,125.21740972075894,2,@PN0303
1.0,128.442021334688,5,@PN0303
3.0,127.34217680372196,8,@PN0303
5.0,128.23592511934248,4,@PN0303
1.0,128.59115507198197,2,@PN0303
1.0,128.1631121447814,5,@PN0303
1.0,127.11025601473457,0,@PN0303
8.0,125.80008184370297,1,@PN0303
5.0,134.36796974282643,3,@PN0303
12.0,128.87730367975948,2,@PN0303
5.0,137.2188691194442,5,@PN0303
2.0,130.19454635383292,8,@PN0303
8.0,129.37703682520782,5,@PN0303
1.0,130.89999960282836,2,@PN0303
1.0,126.8809042163129,9,@PN0303
1.0,126.85257004477114,9,@PN0303
6.0,126.93313302170489,1,@PN0303
4.0,131.61316435678106,1,@PN0303
2.0,131.93212347683084,5,@PN0303
1.0,130.1206165155357,3,@PN0303
21.0,120.37246572894853,7,@PN0303
3.0,137.07925431911096,8,@PN0303
8.0,131.33085185429164,3,@PN0303
2.0,134.74232474415436,3,@PN0303
3.0,130.3902532979168,3,@PN0303
3.0,131.41723449087328,6,@PN0303
2.0,129.23802755410253,8,@PN0303
1.0,128.80125260564023,0,@PN0303
6.0,126.13466504613118,4,@PN0303
2.0,133.3612780779193,6,@PN0303
3.0,129.79252884479104,5,@PN0303
1.0,130.65534111934767,3,@PN0303
1.0,127.14649865535071,8,@PN0303
3.0,127.4780320192141,0,@PN0303
1.0,128.7545810192277,1,@PN0303
9.0,128.8793499958455,3,@PN0303
1.0,132.5929357970317,4,@PN0303
2.0,128.83587897459364,3,@PN0303
4.0,126.61198717099154,9,@PN0303
4.0,122.48702047988711,7,@PN0303
24.0,130.82979401120508,3,@PN0303
6.0,140.64131519073752,5,@PN0303
19.0,128.25830829884455,2,@PN0303
48.0,134.71654570395128,2,@PN0303
22.0,141.55091622664025,4,@PN0303
6.0,134.6103881254695,4,@PN0303
8.0,130.3419719981526,6,@PN0303
59.0,130.05296582420715,8,@PN0303
8.0,144.88510569839934,2,@PN0303
1.0,131.62471087158363,5,@PN0303
71.0,124.4175113523947,1,@PN0303
2.0,153.4691695616549,1,@PN0303
7.0,127.65567555700905,9,@PN0303
4.0,133.48632778423158,3,@PN0303
1.0,129.9924399132925,0,@PN0303
13.0,128.52013763925927,6,@PN0303
18.0,133.9550279467801,8,@PN0303
4.0,137.32019596689264,0,@PN0303
5.0,129.72409951399837,8,@PN0303
5.0,130.38132503933616,4,@PN0303
3.0,129.25874748374625,9,@PN0303
2.0,127.9169558333897,4,@PN0303
2.0,125.79480463745875,2,@PN0303
1.0,127.36984882458785,1,@PN0303
3.0,127.90322685495337,6,@PN0303
17.0,128.8648579485561,0,@PN0303
3.0,135.09985911182343,4,@PN0303
3.0,129.57245094211106,5,@PN0303
5.0,127.89178208753036,8,@PN0303
7.0,129.34538583036394,1,@PN0303
4.0,130.70216328821908,1,@PN0303
3.0,128.19918673460748,4,@PN0303
147.0,128.56836120324212,0,@PN0303
1.0,155.6696090672487,0,@PN0303
26.0,125.72293635530445,6,@PN0303
4.0,135.26221528023785,9,@PN0303
109.0,128.27181145763598,6,@PN0303
44.0,155.05373533974534,8,@PN0303
14.0,150.0086436488603,5,@PN0303
158.0,132.38266962702994,9,@PN0303
19.0,158.84193856735527,4,@PN0303
10.0,133.33251660956563,2,@PN0303
2.0,129.80346147905587,2,@PN0303
5.0,125.75403081063564,4,@PN0303
10.0,127.80689221646557,1,@PN0303
1.0,131.41408639478772,8,@PN0303
2.0,127.63894322301147,3,@PN0303
18.0,127.99753491242268,8,@PN0303
8.0,135.34898750227217,1,@PN0303
8.0,131.00784192808632,0,@PN0303
21.0,133.49956082884552,6,@PN0303
2.0,137.53617219699336,8,@PN0303
36.0,127.90705329509878,9,@PN0303
2.0,144.26274485244448,9,@PN0303
45.0,127.03494292596133,2,@PN0303
7.0,149.0921141834593,1,@PN0303
18.0,134.13828516919602,6,@PN0303
5.0,139.77854686802453,6,@PN0303
65.0,129.37567448910008,9,@PN0303
30.0,154.51420262455505,1,@PN0303
10.0,138.19159572395768,9,@PN0303
39.0,131.77189957896672,0,@PN0303
33.0,142.81872584462675,0,@PN0303
12.0,143.27351717487448,0,@PN0303
70.0,126.25504746850177,7,@PN0303
15.0,168.45532731448913,5,@PN0303
1.0,137.68744394082358,2,@PN0303
4.0,121.94003999135535,7,@PN0303
7.0,134.18578377318488,8,@PN0303
12.0,128.94368287398535,7,@PN0303
12.0,142.08038289321053,8,@PN0303
1.0,139.37337542959872,9,@PN0303
1.0,132.0886933768876,5,@PN0303
15.0,132.61592443112085,6,@PN0303
5.0,141.54466499413104,8,@PN0303
6.0,134.15181219906043,9,@PN0303
11.0,139.32291394269615,5,@PN0303
4.0,143.48260857583438,6,@PN0303
3.0,135.96509198230268,6,@PN0303
5.0,125.64318863221425,7,@PN0303
19.0,133.56715507023603,1,@PN0303
8.0,146.5964463492932,5,@PN0303
3.0,192.2912062782947,2,AUSSAT-A2
23.0,148.90184611086733,7,AUSSAT-A2
56.0,173.94101713547482,1,AUSSAT-A2
4.0,176.98521784377868,6,AUSSAT-A2
6.0,143.62146572010633,3,AUSSAT-A2
17.0,137.8489747943159,8,AUSSAT-A2
6.0,138.69219013382587,7,AUSSAT-A2
1.0,136.32104417904657,2,AUSSAT-A2
50.0,130.22118257679122,1,AUSSAT-A2
97.0,156.51156825040198,0,AUSSAT-A2
115.0,180.07122319976432,3,AUSSAT-A2
77.0,165.95165347694453,8,AUSSAT-A2
11.0,164.05967113575525,5,AUSSAT-A2
13.0,135.34420870844048,9,AUSSAT-A2
11.0,136.32388510321772,8,AUSSAT-A2
4.0,136.17297848331924,2,AUSSAT-A2
6.0,133.99265128146533,3,AUSSAT-A2
13.0,132.50280814791628,4,AUSSAT-A2
61.0,131.08961381177036,7,AUSSAT-A2
101.0,155.2779557299122,8,AUSSAT-A2
28.0,160.9175153087525,8,AUSSAT-A2
84.0,151.4670889249232,6,AUSSAT-A2
10.0,157.50830081290954,4,AUSSAT-A2
8.0,133.61339409069512,2,AUSSAT-A2
70.0,135.2652362084678,1,AUSSAT-A2
56.0,158.61499809331582,0,AUSSAT-A2
50.0,160.07002531601526,4,AUSSAT-A2
71.0,161.8149763898442,7,AUSSAT-A2
16.0,170.15928899994097,9,AUSSAT-A2
118.0,203.3162475620436,8,AUSSAT-A2
24.0,177.41925035477396,1,AUSSAT-A2
103.0,189.02651222278337,4,GMS-3
14.0,215.10901948548863,9,GMS-3
62.0,161.70323125697863,8,GMS-3
8.0,189.97131418336994,4,GMS-3
28.0,153.27667875544202,1,GMS-3
69.0,160.03797532712017,4,GMS-3
23.0,171.3744212095182,2,GMS-3
3.0,141.39745957600752,7,GMS-3
22.0,132.8926337206485,9,GMS-3
4.0,145.11653532976644,4,GMS-3
11.0,135.1870021300854,5,GMS-3
13.0,137.7625684768781,4,GMS-3
26.0,131.4846186888992,7,GMS-3
3.0,146.63927730137243,6,GMS-3
1.0,133.36524405716148,3,GMS-3
9.0,129.23241060345003,6,GMS-3
4.0,128.3003951463104,7,GMS-3
107.0,133.07762916826826,6,GMS-3
14.0,172.33557255992946,2,GMS-3
39.0,139.81653341701448,4,GMS-3
51.0,150.03906436059052,4,GMS-3
1.0,154.75585612116984,5,GMS-3
87.0,129.1667704655437,5,GMS-3
11.0,158.78519456929445,5,GMS-3
8.0,135.0239709634958,6,GMS-3
1.0,131.13101440567223,8,GMS-3
3.0,125.74949876297475,1,GMS-3
18.0,128.36199284279402,8,GMS-3
4.0,135.4195915871345,2,GMS-3
7.0,128.77660380073934,4,GMS-3
60.0,123.79164043271973,7,GMS-3
358.0,144.10727320655207,7,GMS-3
252.0,194.79273855492727,2,GMS-3
170.0,174.4660384712571,7,GMS-3
3.0,200.7444114854929,7,GOES-4
12.0,171.46370688299152,2,GOES-4
1.0,180.14786500367094,6,GOES-4
3.0,145.63635434012355,8,GOES-4
2.0,143.59001780317473,7,GOES-4
1.0,143.21150377895725,8,GOES-4
1.0,139.76167529688988,0,GOES-4
3.0,140.20557598989643,1,GOES-4
2.0,138.24399815442644,4,GOES-4
50.0,139.4098875222815,1,GOES-4
110.0,178.88185213848226,4,GOES-4
51.0,187.1017038031981,3,GOES-4
37.0,175.07275018940422,9,GOES-4
32.0,164.88413558214933,3,GOES-4
4.0,170.51927032283322,6,GOES-4
45.0,132.34846002128552,7,GOES-4
4.0,160.12106233763035,7,GOES-4
5.0,137.95374659920088,3,GOES-4
7.0,136.9858099370863,8,GOES-4
17.0,143.214586068349,5,GOES-4
2.0,148.7002939983647,3,GOES-4
6.0,134.06633747126565,0,GOES-4
116.0,135.8427736711509,4,GOES-4
13.0,176.42644670001152,6,GOES-4
16.0,138.17046577088604,0,GOES-4
4.0,139.33088179094838,8,GOES-4
3.0,130.54237636551807,2,GOES-4
8.0,133.1486136777893,6,GOES-4
22.0,135.63341343199227,9,GOES-4
3.0,144.61234021764807,2,GOES-4
24.0,132.7097515906831,1,GOES-4
50.0,146.5462368925784,9,GOES-4
128.0,159.96470611098073,3,GOES-4
144.0,173.32937680160373,5,GOES-4
346.0,203.85049580244555,9,GOES-4
15.0,194.1540991465117,7,GOES-4
104.0,138.9067371839417,3,GOES-4
66.0,218.91124221159833,3,GOES-5
3.0,214.0102602408571,8,GOES-5
5.0,149.32145914142654,4,GOES-5
1.0,150.27259544215912,9,GOES-5
13.0,140.52832635753492,5,GOES-5
1.0,155.7782520364657,5,GOES-5
6.0,136.35637971821046,5,GOES-5
22.0,144.11993754147514,9,GOES-5
1.0,161.47166408822983,4,GOES-5
1.0,133.64854027830728,2,GOES-5
9.0,134.4477536236547,1,GOES-5
22.0,138.7873841572703,7,GOES-5
7.0,157.9703923478712,8,GOES-5
3.0,144.55171953898468,0,GOES-5
1.0,138.4437398852291,0,GOES-5
37.0,134.59987139380297,0,GOES-5
36.0,160.94413345739605,0,GOES-5
1.0,159.84212249411976,2,GOES-5
9.0,133.0443921079039,0,GOES-5
12.0,141.8670409218028,9,GOES-5
24.0,149.78006477458536,1,GOES-5
12.0,160.14943804515406,6,GOES-5
3.0,136.69409924313737,7,GOES-5
19.0,133.61948286259545,9,GOES-5
2.0,153.58339963714928,6,GOES-5
1.0,132.40236492754758,8,GOES-5
90.0,130.9495622997751,1,GOES-5
39.0,166.66590342665984,5,GOES-5
28.0,149.9632992517527,1,GOES-5
1.0,146.16909812243392,0,GOES-5
4.0,129.37169321570144,0,GOES-5
86.0,134.51154461869626,6,GOES-5
17.0,167.7785210718942,9,GOES-5
20.0,150.06184970406866,6,GOES-5
1.0,146.52676793441566,4,GOES-5
42.0,130.88669777379295,0,GOES-5
1.0,153.64543225062062,1,GOES-5
1.0,126.60294055801333,2,GOES-5
6.0,128.4882579916668,1,GOES-5
5.0,135.88291017585692,6,GOES-5
3.0,130.51142520974582,2,GOES-5
3.0,131.993498464875,5,GOES-5
2.0,122.92815246067536,7,GOES-5
3.0,127.80063560742465,9,GOES-5
12.0,128.39339197667363,4,GOES-5
50.0,134.12019898701197,2,GOES-5
70.0,146.72495323196708,4,GOES-5
1.0,151.55275158231933,0,GOES-5
128.0,128.26944118049107,5,GOES-5
89.0,165.36625367734467,0,GOES-5
3.0,155.58281443137247,7,GOES-5
1.0,122.84361005090122,7,GOES-5
23.0,128.93443302363022,5,GOES-5
66.0,138.8566593742746,8,GOES-5
8.0,142.28567069553668,7,GOES-5
13.0,134.03628767906116,5,GOES-5
8.0,126.15853993464322,7,GOES-5
236.0,131.63531096936657,0,GOES-5
20.0,168.0385394861628,8,GOES-5
55.0,137.45038108783487,1,GOES-5
96.0,143.70863695784797,4,GOES-5
34.0,149.62250152766518,8,GOES-5
269.0,141.90843082483917,3,GOES-5
66.0,169.2629453265427,9,GOES-5
158.0,148.02797138697497,3,GOES-5
228.0,159.52364811035685,8,GOES-5
11.0,175.73541515360665,3,GOES-5
107.0,132.76404562174466,1,GOES-5
12.0,196.03541471517192,2,GOES-6
47.0,179.37801086624034,1,GOES-6
205.0,182.47155142638275,6,GOES-6
166.0,226.8046467880045,5,GOES-6
15.0,207.64048102178668,5,GOES-6
173.0,150.72023074406698,1,GOES-6
100.0,205.0629130754194,6,GOES-6
53.0,179.30858377706187,6,GOES-6
41.0,153.35258131081255,8,GOES-6
11.0,157.5007040390723,3,GOES-6
59.0,132.3804626746952,7,GOES-6
144.0,158.6743439474291,8,GOES-6
15.0,176.01829820790942,7,GOES-6
41.0,138.02274974193838,8,GOES-6
70.0,150.56709639812055,9,GOES-6
10.0,161.14670650395018,1,GOES-6
2.0,136.45369946288048,1,GOES-6
2.0,128.01863108854758,2,GOES-6
2.0,130.5444377023428,6,GOES-6
7.0,129.4068196964284,0,GOES-6
10.0,132.93991179543525,9,GOES-6
22.0,136.09460134994708,0,GOES-6
1.0,141.00933849586258,0,GOES-6
4.0,127.5097759533345,9,GOES-6
10.0,133.33875404449208,5,GOES-6
97.0,135.3446705159875,4,GOES-6
17.0,158.5385177781908,8,GOES-6
5.0,142.53048115692798,3,GOES-6
23.0,126.37271379123504,7,GOES-6
18.0,143.70007032600836,3,GOES-6
89.0,138.38934331679832,9,GOES-6
127.0,161.95548194229195,5,GOES-6
61.0,172.65077022768133,8,GOES-6
24.0,165.41120672359438,0,GOES-6
172.0,151.72562801668266,1,GOES-6
23.0,176.98967338773087,7,GOES-6
1.0,144.3336419680671,8,GOES-6
32.0,128.25032952487604,9,GOES-6
19.0,147.53193976937013,9,GOES-6
1.0,144.09586112779613,2,GOES-6
3.0,130.76009872289524,9,GOES-6
2.0,132.67611446602007,0,GOES-6
1.0,124.02266186646341,7,GOES-6
125.0,209.1580677206508,1,GOES-6
73.0,173.59523216214075,7,GOES-6
6.0,149.9610743315447,7,GOES-6
56.0,130.04906696471798,2,GOES-6
43.0,159.69561581555052,5,GOES-6
281.0,150.77345786460614,3,GOES-6
3.0,187.11737266530668,3,GOES-6
239.0,121.90684963174544,7,GOES-6
22.0,188.2559884772706,2,GOES-6
130.0,142.04931784919654,3,GOES-6
12.0,158.61645101070957,4,GOES-6
176.0,125.08343288850145,7,GOES-6
57.0,168.15412585825754,8,GOES-6
45.0,139.94191547569872,8,GPS 5113
31.0,90.88278268850914,5,GPS 5113
5.0,52.95812468998854,6,GPS 5113
4.0,22.211864013425906,6,GPS 5113
7.0,85.69554065828225,0,GPS 5113
3.0,27.436316727539477,5,GPS 5113
5.0,17.161769441218972,1,GPS 5113
5.0,18.757034344376862,1,GPS 5113
3.0,18.317911329325852,4,GPS 5113
13.0,14.462695013334177,4,GPS 5113
45.0,26.52401909746484,3,GPS 5113
13.0,35.39793621919413,3,GPS 5113
47.0,67.35521625558822,7,GPS 5113
1.0,25.64021673739596,4,GPS 5113
2.0,8.113434896995193,5,GPS 5113
5.0,8.40343857739648,3,GPS 5113
18.0,27.85378662219042,7,GPS 5113
1.0,55.1708597468152,0,GPS 5113
2.0,6.015536063227592,4,GPS 5113
9.0,6.7886202703348655,2,GPS 5113
2.0,40.54851773069325,0,GPS 5113
4.0,7.982916560666343,5,GPS 5113
12.0,8.565536501243605,6,GPS 5113
35.0,126.80231025142412,8,GPS 5113
39.0,129.4077982484899,8,GPS 5113
5.0,31.035936188945314,4,GPS 5113
95.0,11.23489490205628,5,GPS 5113
1.0,47.733941616757065,3,GPS 5113
3.0,31.519854735325694,7,GPS 5113
12.0,10.070086789363977,4,GPS 5113
1.0,16.025444568715802,1,GPS 5113
9.0,8.324689730126254,1,GPS 5113
6.0,63.838597460603665,7,GPS 5113
15.0,57.39709461014759,0,GPS 5113
1.0,15.712301136197787,1,GPS 5113
15.0,38.30605676320518,0,GPS 5113
13.0,14.086019059185155,3,GPS 5113
42.0,52.09791367782863,7,GPS 5113
16.0,64.79199692324254,7,GPS 5113
7.0,12.785748516253914,5,GPS 5113
8.0,9.57716229763044,5,GPS 5113
5.0,8.751407730126866,1,GPS 5113
22.0,8.458125547826459,5,GPS 5113
8.0,13.305110185066429,4,GPS 5113
1.0,8.470704607559382,2,GPS 5113
1.0,5.71381993101768,1,GPS 5113
15.0,5.217847254215665,2,GPS 5113
20.0,12.74209458943828,4,GPS 5113
1.0,13.232782859366626,2,GPS 5113
1.0,18.877705574100172,7,GPS 5113
6.0,5.9013051815608915,6,GPS 5113
6.0,35.122290401386095,7,GPS 5113
5.0,9.878011441425803,4,GPS 5113
9.0,8.01528477158043,1,GPS 5113
12.0,12.236646094989128,5,GPS 5113
25.0,13.45888820221437,5,GPS 5113
5.0,18.095080234737253,1,GPS 5113
8.0,38.84806802922868,7,GPS 5113
31.0,126.3335045136121,8,GPS 5113
10.0,87.72558313969056,9,GPS 5113
1.0,66.96695626183423,9,GPS 5113
24.0,124.56302688631357,8,GPS 5113
1.0,75.32529470108679,7,GPS 5113
3.0,124.47507159555515,8,GPS 5113
39.0,48.88818761239713,9,GPS 5113
8.0,21.74566535778922,1,GPS 5113
3.0,56.1433840938371,0,GPS 5113
9.0,8.442359629579972,3,GPS 5113
4.0,10.261947896551371,3,GPS 5113
3.0,36.675586162827216,0,GPS 5113
7.0,7.7733956459296145,5,GPS 5113
2.0,35.3524253905488,7,GPS 5113
1.0,6.565999925793646,5,GPS 5113
6.0,123.70975556349856,8,GPS 5113
3.0,32.68134919717373,7,GPS 5113
2.0,124.30800104193332,8,GPS 5113
7.0,29.275798511675603,9,GPS 5113
1.0,8.347743713782886,3,GPS 5113
1.0,4.632055610136096,4,GPS 5113
3.0,22.12358649804978,9,GPS 5113
5.0,24.955526731929528,0,GPS 5113
1.0,125.126050553389,8,GPS 5113
7.0,4.96451365188555,2,GPS 5113
8.0,8.583197216765862,3,GPS 5113
4.0,125.72425873370824,8,GPS 5113
2.0,6.43520601527743,4,GPS 5113
5.0,6.748476343481829,5,GPS 5113
104.0,7.349154629964943,6,GPS 5113
6.0,34.24307845112445,5,GPS 5113
1.0,10.149987755974962,4,GPS 5113
6.0,6.405347217938033,3,GPS 5113
5.0,10.215910368512185,5,GPS 5113
6.0,8.673572768855779,1,GPS 5113
6.0,9.264095208311108,6,GPS 5113
26.0,9.20657639442988,1,GPS 5113
1.0,128.97451049453298,8,GPS 5113
10.0,124.56415757030983,8,GPS 5113
11.0,12.45332895836299,1,GPS 5113
1.0,14.010885210894525,4,GPS 5113
2.0,36.37340163766051,9,GPS 5113
9.0,125.15281965211643,8,GPS 5113
5.0,12.675980194724257,4,GPS 5113
7.0,9.060760190961256,2,GPS 5113
6.0,55.26573322352053,0,GPS 5113
7.0,51.55283768325796,0,GPS 5113
4.0,11.460973580280491,1,GPS 5113
2.0,9.97577826888981,5,GPS 5113
8.0,8.446722124322678,5,GPS 5113
9.0,11.245866969516296,3,GPS 5113
9.0,134.40796375222314,0,GPS 5113
13.0,10.152583886945832,5,GPS 5113
2.0,10.099521054887452,5,GPS 5113
7.0,124.29851549192688,8,GPS 5113
28.0,6.9152429606334715,5,GPS 5113
1.0,61.069474295551615,0,GPS 5113
18.0,4.29610036468408,4,GPS 5113
2.0,128.2617538460095,8,GPS 5113
46.0,6.049541073784203,5,GPS 5113
33.0,23.052782863704095,2,GPS 5113
1.0,131.07983654916035,8,GPS 5113
1.0,33.99649583263312,9,GPS 5113
1.0,6.183294402176287,3,GPS 5113
1.0,6.22217201052046,3,GPS 5113
1.0,6.568177169830688,6,GPS 5113
1.0,36.03500939207091,9,GPS 5113
16.0,36.04263005515905,9,GPS 5113
13.0,16.47257877704711,4,GPS 5113
16.0,13.980732543465386,3,GPS 5113
25.0,78.77357123751915,7,GPS 5113
14.0,21.316321638940142,3,GPS 5113
11.0,18.44510442241871,6,GPS 5113
5.0,70.69043169574992,0,GPS 5113
8.0,54.85431159931554,9,GPS 5113
8.0,11.324427074492199,1,GPS 5113
6.0,10.567452404957834,6,GPS 5113
6.0,53.69348296346839,7,GPS 5113
2.0,51.47042783444187,7,GPS 5113
4.0,6.801532585747955,2,GPS 5113
5.0,8.083623976583189,4,GPS 5113
20.0,50.01621136579459,7,GPS 5113
10.0,13.823283463088593,2,GPS 5113
6.0,9.817287857855135,4,GPS 5113
5.0,43.93517281411091,9,GPS 5113
35.0,7.515297421617753,4,GPS 5113
13.0,16.040802594305703,4,GPS 5113
6.0,10.018663262865765,1,GPS 5113
10.0,22.17413290935437,7,GPS 5113
7.0,8.316187183578098,3,GPS 5113
1.0,7.898110390522497,1,GPS 5113
7.0,124.16721786657185,8,GPS 5113
48.0,112.98088686802741,7,GPS 5114
23.0,134.91489991037466,0,GPS 5114
2.0,114.4108965820601,7,GPS 5114
6.0,17.07334329911528,6,GPS 5114
26.0,28.292266759404118,4,GPS 5114
8.0,110.09728640873061,9,GPS 5114
1.0,24.995818249351608,5,GPS 5114
12.0,11.549837427910479,4,GPS 5114
84.0,21.59578418952166,2,GPS 5114
6.0,45.580165190055666,3,GPS 5114
8.0,12.834901766600183,1,GPS 5114
6.0,13.114076830419428,3,GPS 5114
1.0,11.299414227686842,1,GPS 5114
4.0,30.353237399576354,9,GPS 5114
3.0,125.83058811282388,8,GPS 5114
7.0,9.100780284899383,3,GPS 5114
1.0,31.999876129965642,7,GPS 5114
7.0,6.886034295732412,6,GPS 5114
26.0,10.490496351835665,3,GPS 5114
11.0,55.71510985265484,7,GPS 5114
48.0,126.7741721202145,8,GPS 5114
19.0,32.72593544809657,4,GPS 5114
104.0,17.00723148963708,2,GPS 5114
4.0,135.48541547844906,8,GPS 5114
16.0,12.353642418435577,3,GPS 5114
5.0,80.84656651921307,0,GPS 5114
26.0,12.857465536177557,5,GPS 5114
13.0,21.371005870093292,1,GPS 5114
10.0,13.904988097930339,6,GPS 5114
18.0,12.026954969976849,1,GPS 5114
40.0,61.06334615337994,9,GPS 5114
1.0,129.46885881687075,8,GPS 5114
10.0,5.339908108827352,2,GPS 5114
6.0,10.43306235901211,6,GPS 5114
25.0,29.5057753775195,0,GPS 5114
15.0,127.83479202109987,8,GPS 5114
12.0,61.77570355588742,9,GPS 5114
6.0,10.172175345981394,2,GPS 5114
18.0,8.41539294826532,1,GPS 5114
9.0,13.17011341260583,3,GPS 5114
11.0,11.418112978769209,5,GPS 5114
4.0,11.702590799549403,2,GPS 5114
2.0,36.23725951747726,7,GPS 5114
2.0,7.349539363704294,1,GPS 5114
36.0,7.767593199645512,4,GPS 5114
10.0,87.09966567541687,0,GPS 5114
2.0,126.78795963946624,8,GPS 5114
2.0,29.759483765260995,7,GPS 5114
19.0,8.272144843212681,3,GPS 5114
13.0,78.69312007774622,9,GPS 5114
17.0,14.787669506458633,6,GPS 5114
13.0,69.02679221812345,7,GPS 5114
1.0,127.21008141242707,8,GPS 5114
4.0,6.8329352769022496,2,GPS 5114
1.0,9.642207331524235,1,GPS 5114
75.0,6.954028214698036,6,GPS 5114
2.0,27.608976542554593,3,GPS 5114
2.0,6.751820292490447,3,GPS 5114
9.0,5.498264884356816,4,GPS 5114
4.0,8.035985882116245,2,GPS 5114
1.0,7.474693533999622,1,GPS 5114
7.0,6.214994906752702,5,GPS 5114
7.0,8.917967450208607,6,GPS 5114
14.0,33.86560985302492,0,GPS 5114
8.0,10.586199512820556,1,GPS 5114
9.0,8.291077589292259,4,GPS 5114
4.0,8.524826033304342,1,GPS 5114
94.0,6.2456618875040455,2,GPS 5114
1.0,27.58615353933267,3,GPS 5114
6.0,124.02546126387094,8,GPS 5114
2.0,9.253187440167286,3,GPS 5114
3.0,7.115857111434966,3,GPS 5114
21.0,8.711252941696978,5,GPS 5114
2.0,127.58941521134028,8,GPS 5114
19.0,7.993473999522494,5,GPS 5114
30.0,15.883543511148947,3,GPS 5114
11.0,129.83968998350676,8,GPS 5114
15.0,13.14735197708627,1,GPS 5114
6.0,16.27384216310138,3,GPS 5114
19.0,54.83472164423043,0,GPS 5114
7.0,127.57722284594836,8,GPS 5114
19.0,10.969969200441334,4,GPS 5114
57.0,69.13048015999136,2,GPS 5114
56.0,77.7635135448587,9,GPS 5114
9.0,92.8838455641751,9,GPS 5114
7.0,10.352973550883567,1,GPS 5114
46.0,73.13726465149533,4,GPS 5118
4.0,95.36355644177527,3,GPS 5118
6.0,33.95005315633797,3,GPS 5118
2.0,32.37453860056303,3,GPS 5118
13.0,77.97864256689655,9,GPS 5118
5.0,27.702846645721003,2,GPS 5118
8.0,22.052094311278125,4,GPS 5118
10.0,128.9541770181245,8,GPS 5118
7.0,82.65327597748765,7,GPS 5118
4.0,127.66053917481598,8,GPS 5118
5.0,65.23461594237462,7,GPS 5118
13.0,16.16958215668855,4,GPS 5118
61.0,21.326603937249217,6,GPS 5118
4.0,100.02392982596746,7,GPS 5118
1.0,39.00621570970513,0,GPS 5118
24.0,31.944010655973095,9,GPS 5118
4.0,128.83993933486394,8,GPS 5118
5.0,24.966528058428477,7,GPS 5118
5.0,125.82575774687687,8,GPS 5118
2.0,8.332254944156489,2,GPS 5118
6.0,31.262855832681144,9,GPS 5118
9.0,42.268707738522494,9,GPS 5118
17.0,47.707456265443014,9,GPS 5118
18.0,44.067264669866226,7,GPS 5118
56.0,53.703290063272746,7,GPS 5118
122.0,29.18052115859291,5,GPS 5118
4.0,136.14220453634474,8,GPS 5118
7.0,11.850246165149812,3,GPS 5118
1.0,13.320018137612898,6,GPS 5118
37.0,42.35181318436696,0,GPS 5118
7.0,93.48214599662239,9,GPS 5118
11.0,10.539615979264429,2,GPS 5118
21.0,13.222030003219565,5,GPS 5118
33.0,14.345433848184818,2,GPS 5118
5.0,128.81068197123744,8,GPS 5118
7.0,21.74863349818243,7,GPS 5118
4.0,24.961496655017235,7,GPS 5118
1.0,7.758085365039076,6,GPS 5118
38.0,6.069580220759764,3,GPS 5118
5.0,17.113505031607673,1,GPS 5118
6.0,21.890602676347854,7,GPS 5118
2.0,8.745381599763551,4,GPS 5118
8.0,19.1258874558646,7,GPS 5118
3.0,8.942773241042449,3,GPS 5118
6.0,27.69734652985158,0,GPS 5118
5.0,34.27130471156775,0,GPS 5118
5.0,7.722406107669769,1,GPS 5118
16.0,8.21971254582851,3,GPS 5118
14.0,68.58431856011414,9,GPS 5118
20.0,59.719235570878624,0,GPS 5118
3.0,16.70579145285163,5,GPS 5118
15.0,46.47283752939936,9,GPS 5118
4.0,71.61279830511819,9,GPS 5118
2.0,8.973286458069179,3,GPS 5118
2.0,28.178310999781132,7,GPS 5118
11.0,7.100592203659456,2,GPS 5118
32.0,52.829510832377615,7,GPS 5118
2.0,20.461681340138455,1,GPS 5118
2.0,8.024303208184227,1,GPS 5118
8.0,124.94615848906028,8,GPS 5118
18.0,13.083226128605187,4,GPS 5118
4.0,17.36590398817711,3,GPS 5118
4.0,48.796600900729715,0,GPS 5118
38.0,48.67415273522803,0,GPS 5118
6.0,21.531858459506864,1,GPS 5118
20.0,44.83363225193095,7,GPS 5118
1.0,14.479030589236325,5,GPS 5118
3.0,27.951317770568178,0,GPS 5118
3.0,6.285223788778499,2,GPS 5118
5.0,25.35790809601269,7,GPS 5118
20.0,8.062986734177723,5,GPS 5118
2.0,13.616849634772402,5,GPS 5118
3.0,22.625406810583016,0,GPS 5118
5.0,18.423836194879733,7,GPS 5118
2.0,7.8807820142881075,6,GPS 5118
6.0,22.78348913862118,0,GPS 5118
1.0,7.251848475158273,2,GPS 5118
9.0,12.832137394837373,7,GPS 5118
10.0,8.831294916880664,1,GPS 5118
6.0,8.704796807398548,3,GPS 5118
22.0,125.37085893330683,8,GPS 5118
11.0,127.38380880536926,8,GPS 5118
66.0,26.892906017916808,7,GPS 5118
3.0,100.4143370790742,9,GPS 5118
17.0,7.238086949106309,2,GPS 5118
3.0,57.073199084739926,7,GPS 5118
2.0,124.75471933631258,8,GPS 5118
1.0,124.42090470629694,8,GPS 5118
25.0,5.490348800220831,4,GPS 5118
11.0,16.680789375854335,2,GPS 5118
1.0,12.156061111874372,2,GPS 5118
1.0,6.58222269351402,4,GPS 5118
2.0,22.25181361429859,7,GPS 5118
1.0,9.394464055699181,5,GPS 5118
1.0,7.458646642700656,3,GPS 5118
6.0,124.75712043869382,8,GPS 5118
19.0,9.750575619733597,2,GPS 5118
15.0,16.575647126152674,3,GPS 5118
13.0,15.297679768774765,6,GPS 5118
3.0,14.027517221913417,3,GPS 5118
5.0,7.330912072803255,2,GPS 5118
163.0,9.787631135369317,5,GPS 5118
320.0,31.51670837061149,3,GPS 5118
16.0,69.0007256422626,6,GPS 5118
29.0,43.26685872431506,7,GPS 5118
11.0,13.777276869459019,3,GPS 5118
2.0,32.53111426029019,9,GPS 5118
53.0,5.4543296847069245,6,GPS 5118
14.0,95.28065776328403,7,GPS 5118
6.0,11.827469138631137,1,GPS 5118
5.0,10.156872611076217,4,GPS 5118
1.0,126.03801132753227,8,GPS 5118
5.0,5.926319992606307,4,GPS 5118
37.0,8.226589974059742,1,GPS 5118
5.0,97.21467268074147,7,GPS 5118
60.0,10.845630537976456,3,GPS 5118
1.0,31.901744892695817,5,GPS 5118
7.0,44.99019165339068,0,GPS 5118
7.0,67.66766538625023,7,GPS 5118
2.0,10.835107150370238,4,GPS 5118
20.0,36.62870700065422,7,GPS 5118
13.0,78.0657186211424,7,GPS 5118
18.0,14.454793616450516,6,GPS 5118
49.0,68.82703116644223,0,GPS 5118
18.0,67.0005958499802,7,GPS 5118
49.0,43.84176838112401,9,GPS 5118
2.0,78.19517800889997,4,GPS 6374
32.0,105.35133613758728,0,GPS 6374
10.0,67.3057027707982,3,GPS 6374
13.0,30.767849924682224,1,GPS 6374
9.0,94.9723490848416,7,GPS 6374
7.0,18.395813879246163,2,GPS 6374
2.0,18.236840906618845,4,GPS 6374
16.0,43.20339940524477,7,GPS 6374
3.0,19.72924374489062,1,GPS 6374
2.0,46.83131615935791,9,GPS 6374
26.0,10.104014542939733,5,GPS 6374
6.0,67.61820673623106,0,GPS 6374
7.0,39.00944336308425,0,GPS 6374
2.0,11.050705920740716,4,GPS 6374
9.0,7.331177031423624,4,GPS 6374
1.0,11.7544006329633,4,GPS 6374
6.0,15.421192668463057,7,GPS 6374
6.0,44.657679204183104,9,GPS 6374
11.0,125.92791801690919,8,GPS 6374
2.0,12.603331772974467,5,GPS 6374
8.0,7.394496836590813,3,GPS 6374
14.0,37.729488898847706,0,GPS 6374
1.0,13.697102808973842,6,GPS 6374
9.0,6.456561679488294,1,GPS 6374
15.0,56.42561112322482,9,GPS 6374
2.0,13.410108073135227,2,GPS 6374
3.0,8.346703179819393,5,GPS 6374
6.0,7.709259221408441,2,GPS 6374
9.0,9.295730575661763,2,GPS 6374
7.0,13.198027959734603,4,GPS 6374
1.0,11.046183202309331,3,GPS 6374
23.0,32.338059182413616,0,GPS 6374
2.0,17.036905659049204,3,GPS 6374
10.0,43.48507706708615,9,GPS 6374
18.0,12.468568329063846,2,GPS 6374
1.0,20.317435065648617,4,GPS 6374
5.0,42.17174345417571,9,GPS 6374
34.0,10.292481121768606,2,GPS 6374
5.0,130.0440889714297,8,GPS 6374
2.0,58.71931309560658,9,GPS 6374
2.0,8.648622044280568,4,GPS 6374
16.0,7.99615331873164,2,GPS 6374
2.0,127.75068510825014,8,GPS 6374
4.0,43.56852663188893,0,GPS 6374
21.0,10.702597546107956,3,GPS 6374
11.0,20.59352251977697,4,GPS 6374
8.0,13.747128636808053,5,GPS 6374
2.0,52.74645057062177,7,GPS 6374
7.0,41.941745277980566,9,GPS 6374
7.0,9.565251526848606,2,GPS 6374
2.0,45.1532831764445,0,GPS 6374
2.0,7.091789358144553,1,GPS 6374
1.0,7.2675655735112255,3,GPS 6374
5.0,5.456274595834328,2,GPS 6374
5.0,124.94740739485275,8,GPS 6374
1.0,8.481122316779125,3,GPS 6374
1.0,6.150825313928733,5,GPS 6374
1.0,6.1218606180510635,5,GPS 6374
5.0,30.701635853250284,0,GPS 6374
2.0,7.214865327146956,4,GPS 6374
5.0,6.628662261933128,5,GPS 6374
2.0,7.546462954735009,5,GPS 6374
10.0,5.3149020934702245,2,GPS 6374
2.0,38.404892175484854,0,GPS 6374
4.0,6.610429536327842,3,GPS 6374
4.0,8.085967496871497,5,GPS 6374
2.0,21.179596707931836,7,GPS 6374
2.0,124.36449029766467,8,GPS 6374
3.0,6.358028000468635,6,GPS 6374
4.0,29.95123255839798,9,GPS 6374
1.0,17.070048106397685,7,GPS 6374
3.0,5.537979624196108,6,GPS 6374
6.0,6.7086069308341045,3,GPS 6374
2.0,7.847963904506298,6,GPS 6374
4.0,5.4773242301049825,4,GPS 6374
1.0,24.533898405177638,0,GPS 6374
1.0,17.613002932592035,0,GPS 6374
4.0,5.22688565833887,6,GPS 6374
114.0,6.75375371548468,1,GPS 6374
1.0,109.17504736915149,0,GPS 6374
3.0,6.487368542663358,3,GPS 6374
4.0,29.512598470589285,7,GPS 6374
1.0,8.20759320832924,4,GPS 6374
7.0,5.567715037484479,4,GPS 6374
15.0,10.82819425070895,5,GPS 6374
4.0,14.570043116536635,6,GPS 6374
9.0,8.470192768047834,2,GPS 6374
7.0,12.162149202771367,6,GPS 6374
6.0,126.53502449400973,8,GPS 6374
7.0,11.062832811827047,4,GPS 6374
9.0,126.52068648921363,8,GPS 6374
6.0,12.913618837066627,4,GPS 6374
22.0,44.0188586327387,7,GPS 6374
2.0,18.17977175244468,1,GPS 6374
3.0,42.567195065696,0,GPS 6374
1.0,36.35339457285653,7,GPS 6374
4.0,33.83695463192939,9,GPS 6374
2.0,9.25593710915572,1,GPS 6374
10.0,62.026293152210265,4,GPS 6374
8.0,8.17687123217449,1,GPS 6374
4.0,8.494001562139118,6,GPS 6374
9.0,5.657658618266109,2,GPS 6374
1.0,6.076843478082668,3,GPS 6374
14.0,3.202056765536496,4,GPS 6374
1.0,46.86627280074585,0,GPS 6374
8.0,20.544764709944793,9,GPS 6374
15.0,7.828244362077564,2,GPS 6374
46.0,127.48146808135536,8,GPS 6374
9.0,19.59943673806606,5,GPS 6374
3.0,62.12285141111799,9,GPS 6374
3.0,7.9566205128149665,2,GPS 6374
3.0,39.87422579006996,9,GPS 6374
4.0,7.7694736890657,2,GPS 6374
1.0,45.62373320524338,7,GPS 6374
2.0,6.905125205449815,5,GPS 6374
1.0,7.469362750394359,6,GPS 6374
1.0,7.006598904804781,5,GPS 6374
2.0,6.515628304983714,2,GPS 6374
47.0,7.3703670068483484,2,GPS 6374
52.0,29.013394952751028,2,GPS 6374
4.0,29.602427135948727,4,GPS 6374
53.0,9.652461655768494,2,GPS 6374
25.0,25.41767217277623,1,GPS 6374
14.0,16.200155692006888,5,GPS 6374
13.0,10.544865424542637,4,GPS 6374
7.0,10.279169985448391,4,GPS 6374
17.0,33.838797404778326,7,GPS 6374
13.0,10.965866192219368,4,GPS 6374
22.0,126.60074780956506,0,GPS 9521
77.0,72.68413263647163,4,GPS 9521
2.0,130.65892007537917,7,GPS 9521
10.0,21.594329229101255,4,GPS 9521
5.0,99.60552075718559,9,GPS 9521
14.0,25.695722682044085,3,GPS 9521
2.0,130.06790408320862,8,GPS 9521
105.0,16.019206838800713,5,GPS 9521
4.0,44.663139341995475,2,GPS 9521
4.0,11.67915125767213,5,GPS 9521
20.0,29.934532565626103,7,GPS 9521
3.0,18.553117399022067,6,GPS 9521
2.0,9.92217254215782,5,GPS 9521
5.0,125.1983055821505,8,GPS 9521
7.0,46.42362199840207,9,GPS 9521
6.0,10.898825374483419,4,GPS 9521
2.0,11.001996124336092,5,GPS 9521
3.0,7.951110619407848,3,GPS 9521
1.0,8.463745627587418,3,GPS 9521
46.0,22.622170948461243,0,GPS 9521
6.0,24.21239187682999,1,GPS 9521
1.0,42.43869877256177,7,GPS 9521
17.0,37.524348689518874,9,GPS 9521
9.0,127.86044199467325,8,GPS 9521
3.0,12.226541985174762,2,GPS 9521
3.0,8.866889802337141,1,GPS 9521
1.0,9.152278948657603,3,GPS 9521
2.0,7.276235947628921,1,GPS 9521
1.0,7.65148283291008,2,GPS 9521
1.0,124.32975785433992,8,GPS 9521
1.0,25.414626321898723,7,GPS 9521
96.0,124.27138687564388,8,GPS 9521
21.0,40.14113952051944,2,GPS 9521
44.0,21.198049834458903,5,GPS 9521
49.0,20.293576335608886,2,GPS 9521
37.0,21.36438825925159,3,GPS 9521
19.0,60.98939407615469,0,GPS 9521
5.0,11.49418167415762,2,GPS 9521
9.0,8.100284254639414,6,GPS 9521
11.0,35.39005385797201,7,GPS 9521
1.0,10.905141449889081,6,GPS 9521
11.0,5.3447159877187325,2,GPS 9521
6.0,10.770880652037416,6,GPS 9521
23.0,8.922821597241892,4,GPS 9521
4.0,14.555974905937962,1,GPS 9521
2.0,30.592613595077747,7,GPS 9521
1.0,23.652218959254157,7,GPS 9521
6.0,6.844882140281512,5,GPS 9521
13.0,57.171142000489674,9,GPS 9521
23.0,15.064536303603058,4,GPS 9521
12.0,17.71562180603778,1,GPS 9521
28.0,58.22524314911962,0,GPS 9521
1.0,85.77694714284354,9,GPS 9521
2.0,37.76293753251783,9,GPS 9521
10.0,125.07606295657305,8,GPS 9521
2.0,14.574588521653368,4,GPS 9521
3.0,7.616027440201927,2,GPS 9521
22.0,49.10087586139824,9,GPS 9521
6.0,75.57160657790187,0,GPS 9521
47.0,58.79788402362579,9,GPS 9521
8.0,25.0223061284738,3,GPS 9521
1.0,46.137884436620226,0,GPS 9521
9.0,5.3493170901644795,2,GPS 9521
4.0,49.45529979832271,0,GPS 9521
18.0,124.62032739137612,8,GPS 9521
7.0,10.43038719389823,2,GPS 9521
9.0,8.787052591014497,1,GPS 9521
8.0,9.507820899600276,3,GPS 9521
8.0,9.148320381381003,3,GPS 9521
10.0,7.714885126934461,2,GPS 9521
10.0,8.25851023704502,2,GPS 9521
93.0,8.13794197170143,2,GPS 9521
1.0,32.21464259562733,6,GPS 9521
6.0,6.636995443307187,5,GPS 9521
1.0,37.92941984339251,7,GPS 9521
1.0,6.503473291689142,3,GPS 9521
16.0,6.323204023720424,1,GPS 9521
1.0,13.612159512198291,1,GPS 9521
4.0,20.808210586785982,7,GPS 9521
3.0,41.739454671637354,0,GPS 9521
5.0,7.451721705810245,6,GPS 9521
2.0,9.452380530884838,1,GPS 9521
37.0,7.502741219815131,1,GPS 9521
19.0,23.13542702257002,6,GPS 9521
14.0,128.50424353164408,8,GPS 9521
11.0,16.728053300196898,5,GPS 9521
3.0,13.905570544290875,5,GPS 9521
4.0,8.419615346704159,6,GPS 9521
25.0,38.91561056534113,7,GPS 9521
121.0,18.94915861265849,1,GPS 9521
1.0,26.449599664359987,4,GPS 9521
311.0,4.254946302876208,4,GPS 9521
94.0,123.04512220183048,9,GPS 9521
19.0,94.69035391575008,9,GPS 9521
56.0,61.90359831702196,0,GPS 9521
1.0,30.60119407092919,6,GPS 9521
2.0,33.719387719445706,9,GPS 9521
1.0,41.829570720012896,0,GPS 9521
2.0,36.24859007758468,9,GPS 9521
24.0,42.3976380035671,9,GPS 9521
22.0,20.03100147767511,2,GPS 9521
50.0,79.98559738617975,0,GPS 9521
21.0,32.116278538450885,3,GPS 9521
29.0,16.89564384244709,6,GPS 9521
14.0,19.707038664383603,4,GPS 9521
32.0,13.00516182635125,5,GPS 9521
4.0,63.79502777082332,7,GPS 9521
8.0,7.881222960644358,6,GPS 9521
13.0,9.846504046655262,5,GPS 9521
31.0,48.812528975781575,9,GPS 9521
5.0,55.95408221120585,9,GPS 9521
34.0,45.853839667177866,6,GPS 9783
3.0,142.5394740074631,8,GPS 9783
2.0,26.901122737944846,1,GPS 9783
11.0,81.60185353669931,9,GPS 9783
111.0,102.60194227052244,0,GPS 9783
3.0,60.97739200423656,5,GPS 9783
10.0,12.52950949978366,3,GPS 9783
13.0,128.33616042048016,8,GPS 9783
13.0,61.0575479524105,0,GPS 9783
6.0,59.25374202611265,0,GPS 9783
13.0,36.502510232701376,7,GPS 9783
15.0,14.765415622558383,2,GPS 9783
2.0,66.11482801482782,0,GPS 9783
23.0,36.42680344772439,0,GPS 9783
12.0,18.952455144204897,2,GPS 9783
43.0,14.107079405885614,1,GPS 9783
49.0,37.530664842804725,4,GPS 9783
34.0,41.687673189578675,4,GPS 9783
1.0,100.6930475513241,9,GPS 9783
9.0,125.11122029799887,8,GPS 9783
4.0,72.15558468646621,0,GPS 9783
10.0,10.647582814973596,2,GPS 9783
1.0,70.52365708435796,7,GPS 9783
28.0,46.7013929499047,9,GPS 9783
12.0,20.087367479025566,2,GPS 9783
2.0,63.60880916078828,9,GPS 9783
12.0,8.367082063564814,3,GPS 9783
17.0,126.724589598371,8,GPS 9783
28.0,53.213427633828495,0,GPS 9783
1.0,17.236692942431013,5,GPS 9783
12.0,124.23891898038306,8,GPS 9783
7.0,48.67920864128922,9,GPS 9783
29.0,39.310312323987574,9,GPS 9783
1.0,14.885825543180172,3,GPS 9783
3.0,13.05713087956082,7,GPS 9783
13.0,7.028051430209738,3,GPS 9783
12.0,10.55956316947347,2,GPS 9783
6.0,57.098794912696206,9,GPS 9783
27.0,35.35370503968621,0,GPS 9783
17.0,66.4736246938202,7,GPS 9783
3.0,18.243440122337873,4,GPS 9783
41.0,7.771141687777847,2,GPS 9783
1.0,23.151004419727336,2,GPS 9783
27.0,24.828280436820457,7,GPS 9783
1.0,23.81019028024933,5,GPS 9783
3.0,24.809773865323958,7,GPS 9783
8.0,8.917548353233041,6,GPS 9783
1.0,14.298693441001374,5,GPS 9783
7.0,7.085791246057286,4,GPS 9783
7.0,10.909593808410524,2,GPS 9783
14.0,13.659239162930369,5,GPS 9783
1.0,127.36377799962872,8,GPS 9783
5.0,27.595341211835,7,GPS 9783
2.0,10.95086420541606,3,GPS 9783
29.0,42.13089185199094,0,GPS 9783
4.0,20.691468646200207,4,GPS 9783
2.0,7.8885003368650946,2,GPS 9783
21.0,31.369542281356328,7,GPS 9783
15.0,58.30886810987901,7,GPS 9783
4.0,12.129940255799259,5,GPS 9783
2.0,6.747092585711528,4,GPS 9783
17.0,5.486041757380509,4,GPS 9783
2.0,11.956012364824515,3,GPS 9783
1.0,7.052565438578071,5,GPS 9783
5.0,5.727999995942485,6,GPS 9783
3.0,8.038206657853639,3,GPS 9783
3.0,6.975211473660482,6,GPS 9783
25.0,6.097619788561666,2,GPS 9783
1.0,50.08183210939609,0,GPS 9783
60.0,5.351374392153238,1,GPS 9783
42.0,19.11282785456624,2,GPS 9783
2.0,129.34399717735772,8,GPS 9783
6.0,7.094384560087724,1,GPS 9783
13.0,52.86416006497301,9,GPS 9783
11.0,126.7573295567036,8,GPS 9783
3.0,11.820809086621967,4,GPS 9783
16.0,7.595194198628286,2,GPS 9783
6.0,15.241226591166921,6,GPS 9783
35.0,46.66305641801343,0,GPS 9783
2.0,86.06652688404981,0,GPS 9783
4.0,9.432575741583404,5,GPS 9783
10.0,9.96306789237877,3,GPS 9783
12.0,67.09211211325939,9,GPS 9783
1.0,14.19256490602822,3,GPS 9783
355.0,25.272074617503126,7,GPS 9783
115.0,86.41520882073888,2,GPS 9783
161.0,103.26168067225512,0,GPS 9783
2.0,51.89187438166236,5,GPS 9783
1.0,41.599363156610536,9,GPS 9783
14.0,6.781691955329244,6,GPS 9783
66.0,75.82898534282823,7,GPS 9783
1.0,110.78124745091814,7,GPS 9783
17.0,40.8641459657962,9,GPS 9783
7.0,18.806131520429027,3,GPS 9783
5.0,11.695335378737827,5,GPS 9783
21.0,10.034395224226541,4,GPS 9783
8.0,16.562513966805493,6,GPS 9783
2.0,10.06564456408347,1,GPS 9783
17.0,124.76536878807369,8,GPS 9783
19.0,15.32089108319845,4,GPS 9783
25.0,65.40757825897916,9,GPS 9783
3.0,63.26152599211339,0,GPS 9783
16.0,30.59227200637433,0,GPS 9783
20.0,127.69331120976067,8,GPS 9783
10.0,57.30059688058569,0,GPS 9783
17.0,77.89627408128393,4,GPS 9794
7.0,121.7901085163696,9,GPS 9794
9.0,38.07331376738452,4,GPS 9794
72.0,35.69146610392811,4,GPS 9794
1.0,62.690478804156896,4,GPS 9794
38.0,13.786843659976029,3,GPS 9794
17.0,27.167893073665162,2,GPS 9794
2.0,20.61328570669434,3,GPS 9794
2.0,10.34471760474456,3,GPS 9794
7.0,8.98611161844346,6,GPS 9794
4.0,12.323553069967396,1,GPS 9794
6.0,10.13299365423218,1,GPS 9794
2.0,11.427336245401758,3,GPS 9794
1.0,8.127219902468235,6,GPS 9794
7.0,8.096238548113766,5,GPS 9794
27.0,34.0615350366205,7,GPS 9794
15.0,20.564482287037073,5,GPS 9794
146.0,70.62527938588991,0,GPS 9794
1.0,125.51932937163855,0,GPS 9794
29.0,8.673403518920065,4,GPS 9794
1.0,27.946990279021882,6,GPS 9794
48.0,9.149096438271329,1,GPS 9794
10.0,28.14279415430927,6,GPS 9794
33.0,126.51981475411256,8,GPS 9794
15.0,17.093666574718263,2,GPS 9794
3.0,12.430417357484735,1,GPS 9794
2.0,7.639633317527514,6,GPS 9794
5.0,7.675052285766407,5,GPS 9794
4.0,125.43969831494047,8,GPS 9794
3.0,32.702463712881695,9,GPS 9794
8.0,7.919137133343082,5,GPS 9794
9.0,28.302824677451184,7,GPS 9794
4.0,46.29876199439575,9,GPS 9794
3.0,124.94521171152002,8,GPS 9794
11.0,32.20166372600238,9,GPS 9794
8.0,11.247101856588255,6,GPS 9794
6.0,50.62628888163732,9,GPS 9794
5.0,8.420108704213039,3,GPS 9794
7.0,33.26929562629124,0,GPS 9794
4.0,9.712334047538803,5,GPS 9794
10.0,8.920991097648574,5,GPS 9794
1.0,61.267440530622494,9,GPS 9794
6.0,27.477329816259047,0,GPS 9794
3.0,10.223984066232122,4,GPS 9794
1.0,8.200826597973201,5,GPS 9794
3.0,5.9487483907110175,6,GPS 9794
7.0,42.60125683306704,9,GPS 9794
19.0,125.75439611272711,8,GPS 9794
63.0,16.044651530725318,6,GPS 9794
17.0,99.97986703594975,0,GPS 9794
1.0,16.191841205295905,1,GPS 9794
15.0,8.987599636776185,5,GPS 9794
1.0,16.625166204075505,3,GPS 9794
5.0,7.312916100013357,6,GPS 9794
37.0,11.40077665655857,5,GPS 9794
6.0,23.348564789812478,4,GPS 9794
3.0,10.514143856684727,3,GPS 9794
13.0,8.087631865709577,6,GPS 9794
2.0,12.042745911715674,3,GPS 9794
6.0,33.47604622559396,9,GPS 9794
5.0,9.134306064221033,3,GPS 9794
1.0,39.97507533106424,9,GPS 9794
4.0,123.74383334165216,8,GPS 9794
7.0,7.544507319667204,6,GPS 9794
2.0,7.982619887411922,2,GPS 9794
16.0,6.686506443192686,1,GPS 9794
2.0,38.60469907126776,7,GPS 9794
2.0,6.5837693588776665,3,GPS 9794
18.0,6.361315597543352,6,GPS 9794
11.0,33.7157290983086,7,GPS 9794
103.0,8.464930369287377,2,GPS 9794
22.0,34.18609852927177,6,GPS 9794
1.0,17.451483885306843,4,GPS 9794
14.0,6.967161340325614,5,GPS 9794
16.0,56.24519477814263,7,GPS 9794
12.0,16.4218814273671,4,GPS 9794
5.0,68.82934003395562,9,GPS 9794
2.0,126.07640701239498,8,GPS 9794
17.0,28.46428529222493,7,GPS 9794
3.0,15.062461366924346,6,GPS 9794
3.0,45.330113824918804,9,GPS 9794
5.0,34.984917812236674,7,GPS 9794
19.0,10.21854014356833,1,GPS 9794
11.0,76.34530633272911,9,GPS 9794
30.0,147.57721060858336,8,GPS 9794
9.0,129.2194234135119,8,GPS 9794
13.0,9.403811411125915,6,GPS 9794
4.0,8.228586120744122,3,GPS 9794
2.0,5.69932055331061,6,GPS 9794
46.0,35.23419545899304,0,GPS 9794
1.0,25.434544665552902,6,GPS 9794
40.0,123.89379519858225,8,GPS 9794
24.0,25.039635584457564,6,GPS 9794
1.0,77.92392493702323,9,GPS 9794
3.0,33.75875610780912,9,GPS 9794
1.0,45.1345294669122,0,GPS 9794
1.0,36.677037805683156,9,GPS 9794
18.0,32.93097262494429,7,GPS 9794
3.0,17.46123759605786,5,GPS 9794
87.0,7.938741019435422,1,GPS 9794
62.0,48.75023359650474,6,GPS 9794
3.0,24.648070274669696,4,GPS 9794
1.0,36.746992687743116,9,GPS 9794
24.0,124.14070625109451,8,GPS 9794
13.0,61.933343108925115,0,GPS 9794
16.0,48.035265165034915,9,GPS 9794
53.0,10.98203741721406,1,GPS 9794
5.0,22.055903988069375,4,GPS 9794
68.0,207.4987419345996,5,IRON 9364
158.0,218.51288371172149,5,IRON 9364
6.0,205.98774132911385,8,IRON 9364
1.0,146.5106165489346,6,IRON 9364
9.0,137.65788733162893,5,IRON 9364
39.0,142.2652812327932,8,IRON 9364
37.0,154.684478945455,7,IRON 9364
99.0,163.4393754085454,2,IRON 9364
14.0,172.7774543765612,8,IRON 9364
133.0,146.81729819227752,0,IRON 9364
18.0,224.36396988634743,0,IRON 9364
28.0,153.94044141540564,2,IRON 9364
3.0,162.0887326248466,9,IRON 9364
285.0,138.3944635705593,0,IRON 9364
5.0,205.41331857333887,5,IRON 9364
2.0,140.98165156445813,1,IRON 9364
109.0,131.23329085831813,5,IRON 9364
75.0,176.15877507222137,7,IRON 9364
171.0,171.93253961223283,4,IRON 9364
145.0,183.9583366373726,2,IRON 9364
46.0,197.3770113413949,5,IRON 9364
166.0,172.80720573078622,6,IRON 9364
158.0,182.80103345491864,6,IRON 9366
39.0,220.20541654485567,9,IRON 9366
39.0,181.1878813270348,9,IRON 9366
84.0,187.5876295694208,3,IRON 9366
251.0,196.0575912663005,4,IRON 9366
13.0,244.96528788571308,1,IRON 9366
3.0,154.63933384927154,4,IRON 9366
6.0,144.35145826988446,3,IRON 9366
1.0,145.64425927917335,4,IRON 9366
2.0,141.25138277852636,6,IRON 9366
8.0,143.09695547913216,6,IRON 9366
23.0,144.9413207942107,4,IRON 9366
33.0,156.99053460191186,0,IRON 9366
5.0,172.3671304991937,6,IRON 9366
4.0,143.97290045890546,1,IRON 9366
7.0,134.00408176123835,7,IRON 9366
1.0,140.86167376501766,0,IRON 9366
3.0,126.25418551717584,7,IRON 9366
3.0,135.38752465313655,0,IRON 9366
4.0,133.8143830384307,9,IRON 9366
1.0,136.5218948437295,3,IRON 9366
39.0,129.0906680141838,2,IRON 9366
38.0,167.75771968690458,6,IRON 9366
19.0,153.89886396516647,0,IRON 9366
95.0,140.65791130105077,4,IRON 9366
237.0,190.18758349659998,9,IRON 9434
6.0,227.74382299133316,8,IRON 9434
7.0,150.76649338731272,9,IRON 9434
1.0,146.89532280606073,0,IRON 9434
43.0,243.349837267135,0,IRON 9434
15.0,173.02649086562474,5,IRON 9434
3.0,150.31111488068427,0,IRON 9434
5.0,137.67338881901128,1,IRON 9434
1.0,142.20685861265991,6,IRON 9434
1.0,134.45066304246637,3,IRON 9434
4.0,132.96539162884142,5,IRON 9434
2.0,134.88472659357552,9,IRON 9434
1.0,130.48503114732625,2,IRON 9434
1.0,128.36958470481963,4,IRON 9434
1.0,128.20360530576474,2,IRON 9434
1.0,124.13795289451004,7,IRON 9434
2.0,132.95015283884936,8,IRON 9434
2.0,129.50708464269948,4,IRON 9434
4.0,129.58682674185587,4,IRON 9434
9.0,133.90738840354484,3,IRON 9434
3.0,137.56431449310358,4,IRON 9434
1.0,132.30655153798398,5,IRON 9434
1.0,128.16307126690458,4,IRON 9434
1.0,132.39980045571997,6,IRON 9434
7.0,131.09380759938438,8,IRON 9434
1.0,137.6455900382003,8,IRON 9434
3.0,130.7387587866214,0,IRON 9434
2.0,133.37392046839082,0,IRON 9434
1.0,132.84814848749744,8,IRON 9434
2.0,130.87964058662035,0,IRON 9434
3.0,132.19151791147738,9,IRON 9434
10.0,134.3515894390036,0,IRON 9434
13.0,140.17670430746375,2,IRON 9434
1.0,141.33684022684432,4,IRON 9434
1.0,132.47930738389468,6,IRON 9434
1.0,128.5046108466526,1,IRON 9434
1.0,130.19695524716207,0,IRON 9434
1.0,130.13919145499335,9,IRON 9434
1.0,127.49955903433978,2,IRON 9434
2.0,131.2260401745528,9,IRON 9434
3.0,131.09811635004706,4,IRON 9434
9.0,132.95350161360915,0,IRON 9434
2.0,137.7879676958209,8,IRON 9434
1.0,131.36379460443203,0,IRON 9434
3.0,127.56751414441888,2,IRON 9434
1.0,132.9001868229183,9,IRON 9434
54.0,130.52382948294036,8,IRON 9434
1.0,161.36116910419648,4,IRON 9434
3.0,132.85700776649225,6,IRON 9434
1.0,133.35860811962004,9,IRON 9434
1.0,132.84542304468198,6,IRON 9434
1.0,129.0961393937827,4,IRON 9434
3.0,128.3870149653122,2,IRON 9434
2.0,132.70583738864156,8,IRON 9434
11.0,134.1856598783618,5,IRON 9434
2.0,143.93939882563785,6,IRON 9434
1.0,133.7259024113456,6,IRON 9434
1.0,129.22775347316383,1,IRON 9434
1.0,129.82333590025783,0,IRON 9434
1.0,129.8379367142758,8,IRON 9434
1.0,129.80587396700795,0,IRON 9434
1.0,129.17981245902752,1,IRON 9434
2.0,128.170645369439,9,IRON 9434
1.0,131.06558029020115,5,IRON 9434
1.0,130.12190821229024,8,IRON 9434
1.0,131.61320528136798,6,IRON 9434
6.0,130.3572322335703,8,IRON 9434
15.0,135.36645905064827,0,IRON 9434
14.0,140.31024930836384,0,IRON 9434
6.0,139.52588764827217,2,IRON 9434
11.0,127.18519895045239,7,IRON 9434
1.0,131.27852552372093,7,IRON 9434
2.0,122.39670983977632,7,IRON 9434
6.0,130.5816437468275,0,IRON 9434
3.0,137.81199053917703,6,IRON 9434
8.0,133.9873563792952,6,IRON 9434
1.0,134.07260787434075,1,IRON 9434
1.0,128.6550676718968,0,IRON 9434
2.0,128.66991624499508,0,IRON 9434
12.0,128.7340549135949,1,IRON 9434
1.0,138.00313079006202,2,IRON 9434
1.0,130.9032341676284,5,IRON 9434
1.0,126.7351109122762,2,IRON 9434
2.0,128.80149038588627,0,IRON 9434
1.0,130.14832435731304,8,IRON 9434
1.0,127.50566882000996,1,IRON 9434
5.0,127.66952206227242,9,IRON 9434
1.0,134.64192406842534,6,IRON 9434
1.0,129.00168688517323,3,IRON 9434
1.0,127.75903376397913,0,IRON 9434
1.0,128.87538292764785,3,IRON 9434
1.0,126.30148646947386,1,IRON 9434
1.0,127.55553613134283,0,IRON 9434
1.0,120.10629019282693,7,IRON 9434
1.0,126.21433603755038,1,IRON 9434
1.0,125.46627079786126,4,IRON 9434
2.0,126.45746516526168,9,IRON 9434
1.0,128.31694290721933,0,IRON 9434
3.0,128.95696294385897,6,IRON 9434
1.0,121.89152553630885,7,IRON 9434
1.0,126.22072870349086,1,IRON 9434
1.0,128.73056684704324,8,IRON 9434
1.0,127.45402950377058,5,IRON 9434
1.0,124.19955481665343,2,IRON 9434
1.0,124.73674705932974,4,IRON 9434
2.0,119.87539457549515,7,IRON 9434
1.0,126.92696418569507,9,IRON 9434
1.0,126.2151572595296,1,IRON 9434
1.0,128.7375601382719,8,IRON 9434
1.0,119.85843284644008,7,IRON 9434
1.0,127.5421953529451,5,IRON 9434
1.0,124.22605070785552,2,IRON 9434
1.0,124.82664247121735,4,IRON 9434
2.0,119.84989976916945,7,IRON 9434
1.0,125.86780907858723,4,IRON 9434
1.0,127.04554193758658,0,IRON 9434
2.0,127.20193961925943,3,IRON 9434
3.0,128.0696836981175,0,IRON 9434
1.0,127.85886216814009,1,IRON 9434
1.0,127.12421492812318,5,IRON 9434
1.0,119.5516576191443,7,IRON 9434
1.0,124.8490257630893,4,IRON 9434
1.0,128.35595089009556,6,IRON 9434
2.0,127.55538336432971,5,IRON 9434
1.0,127.21893661712704,9,IRON 9434
1.0,125.18280507922655,4,IRON 9434
1.0,124.34426345217862,2,IRON 9434
1.0,126.21321344213712,9,IRON 9434
6.0,119.74449051715615,7,IRON 9434
2.0,128.80307690825651,2,IRON 9434
1.0,128.9587858134111,3,IRON 9434
2.0,128.08303980602125,3,IRON 9434
1.0,129.78862983953007,5,IRON 9434
4.0,128.89340397014413,8,IRON 9434
2.0,128.76547947553485,1,IRON 9434
1.0,130.24445343204042,8,IRON 9434
1.0,125.47686245632804,2,IRON 9434
1.0,186.16120589384082,7,IRON 9442
119.0,147.89261475689736,9,IRON 9442
12.0,206.33321706101503,2,IRON 9442
48.0,150.23076411858742,0,IRON 9442
7.0,167.71665216410992,0,IRON 9442
8.0,141.8192269746913,9,IRON 9442
30.0,144.64396434377045,5,IRON 9442
133.0,156.27512443610664,4,IRON 9442
5.0,232.9255669534272,1,IRON 9442
1.0,140.78146942023102,8,IRON 9442
42.0,134.573838233437,8,IRON 9442
172.0,166.6435496753412,1,IRON 9442
126.0,190.37234288478925,8,IRON 9442
49.0,182.17124032622814,3,IRON 9442
9.0,177.148732618153,5,IRON 9442
156.0,137.3644544229207,7,IRON 9442
115.0,207.01237859536693,6,IRON 9442
310.0,175.91241668918332,0,IRON 9442
98.0,198.14157371625703,4,IRON 9442
16.0,167.8802988386376,1,IRON 9442
22.0,143.59731686235807,5,IRON 9442
3.0,144.79496543671132,5,IRON 9442
292.0,183.24819407208568,6,IRON 9443
31.0,232.91557663445144,6,IRON 9443
2.0,181.08221150137786,2,IRON 9443
10.0,141.18532264687485,9,IRON 9443
115.0,149.14581659839894,4,IRON 9443
336.0,186.0372952220411,8,IRON 9443
44.0,238.82235126950582,5,IRON 9443
244.0,179.5409872822821,9,IRON 9443
92.0,217.63916486862047,4,IRON 9443
23.0,203.0458326543245,5,IRON 9443
206.0,160.14742310527186,8,IRON 9443
23.0,213.24953135167826,5,IRON 9443
2.0,150.46916628196203,7,IRON 9443
13.0,136.45562047563536,0,IRON 9443
334.0,151.13515287363185,9,IRON 9443
22.0,216.00446335952896,8,IRON 9443
53.0,152.57377983647444,1,IRON 9443
22.0,178.34393348576333,6,IRON 9443
14.0,157.36690306835058,5,IRON 9443
232.0,145.40630209111492,4,IRON 9443
13.0,186.5106023900986,0,IRON 9443
11.0,138.62496912474552,4,IRON 9443
2.0,129.64396617734963,7,IRON 9443
5.0,223.3105377738956,5,MARECS-A
1.0,178.58656055047,4,MARECS-A
2.0,158.7541389396454,1,MARECS-A
1.0,155.4600498421557,1,MARECS-A
5.0,148.0817739453251,3,MARECS-A
1.0,148.3540553893922,7,MARECS-A
2.0,141.49940444144426,8,MARECS-A
1.0,138.0559018957053,7,MARECS-A
4.0,142.47016469175554,1,MARECS-A
1.0,138.98979591442338,7,MARECS-A
1.0,137.23235238398533,5,MARECS-A
2.0,140.05842911160477,6,MARECS-A
2.0,137.86752008124853,3,MARECS-A
1.0,137.49589705989627,8,MARECS-A
2.0,131.89242656317907,2,MARECS-A
3.0,136.4221113073914,0,MARECS-A
184.0,223.16000673146362,9,MARECS-A
69.0,180.82020749277257,3,MARECS-A
297.0,156.56182077001262,0,MARECS-A
159.0,192.43737957019516,6,MARECS-A
4.0,174.1428504348407,9,MARECS-A
10.0,134.2507492578028,5,MARECS-A
2.0,135.37262021883546,2,MARECS-A
3.0,123.36135162862983,7,MARECS-A
4.0,131.30754145132545,1,MARECS-A
4.0,129.5597321736421,2,MARECS-A
2.0,132.99143505468817,6,MARECS-A
3.0,122.51591764427032,7,MARECS-A
10.0,128.99413410638095,4,MARECS-A
4.0,136.61833058046702,3,MARECS-A
1.0,129.4967338107707,9,MARECS-A
7.0,129.6525871559051,3,MARECS-A
7.0,132.42175374648895,1,MARECS-A
22.0,131.5417994512307,4,MARECS-A
3.0,136.89786101877627,4,MARECS-A
1.0,128.25156629341524,8,MARECS-A
1.0,126.8025941498157,0,MARECS-A
58.0,126.1064358680977,1,MARECS-A
23.0,138.18891252633216,7,MARECS-A
2.0,138.81380730642593,6,MARECS-A
1.0,127.85008292170588,6,MARECS-A
14.0,127.79536894837346,3,MARECS-A
8.0,132.15115788041055,9,MARECS-A
1.0,130.01587454922105,8,MARECS-A
1.0,124.70149929942265,4,MARECS-A
1.0,126.51896922602754,6,MARECS-A
5.0,118.52584748142465,7,MARECS-A
1.0,127.911975155014,9,MARECS-A
5.0,126.73097023125561,5,MARECS-A
8.0,127.1956960511769,2,MARECS-A
3.0,130.15602909427406,8,MARECS-A
4.0,129.29962551145164,3,MARECS-A
4.0,126.48360396131957,2,MARECS-A
2.0,128.46334059111456,0,MARECS-A
2.0,125.64584709479662,1,MARECS-A
3.0,125.99007395396639,4,MARECS-A
2.0,125.59732621496805,2,MARECS-A
1.0,127.4603182188199,0,MARECS-A
2.0,128.06073945825483,3,MARECS-A
10.0,126.63583643677084,9,MARECS-A
3.0,130.11656188092377,2,MARECS-A
1.0,129.47797000345122,3,MARECS-A
5.0,127.85537329380595,3,MARECS-A
3.0,129.8611356357037,5,MARECS-A
8.0,125.57338680282878,2,MARECS-A
21.0,131.5378021207555,0,MARECS-A
4.0,137.40015971229428,0,MARECS-A
14.0,226.46642066960845,8,MARECS-A
12.0,140.98896687244377,2,MARECS-A
2.0,139.75653354117048,3,MARECS-A
223.0,178.60918649950347,7,METEOSAT-1
1.0,244.17267062274712,5,METEOSAT-1
21.0,145.2874643924771,8,METEOSAT-1
2.0,172.14376148866083,2,METEOSAT-1
4.0,136.06256033591285,7,METEOSAT-1
4.0,147.5627991484555,1,METEOSAT-1
1.0,135.37815684500777,7,METEOSAT-1
20.0,128.93333056756327,7,METEOSAT-1
6.0,153.49929275941562,4,METEOSAT-1
17.0,140.76848912139803,2,METEOSAT-1
3.0,148.86732369911155,4,METEOSAT-1
2.0,134.12511545990395,8,METEOSAT-1
13.0,134.67259544594583,5,METEOSAT-1
1.0,138.15160180303178,7,METEOSAT-1
1.0,133.77367980091017,3,METEOSAT-1
1.0,129.33269604338156,4,METEOSAT-1
2.0,124.61386632033413,7,METEOSAT-1
6.0,130.52957523127094,4,METEOSAT-1
1.0,135.2333425195086,9,METEOSAT-1
2.0,132.19387791082934,5,METEOSAT-1
1.0,133.59767550913156,3,METEOSAT-1
2.0,129.87776913592597,1,METEOSAT-1
12.0,129.33094460190222,2,METEOSAT-1
8.0,139.249297154872,0,METEOSAT-1
8.0,134.77787134385744,4,METEOSAT-1
2.0,127.87566100337064,7,METEOSAT-1
1.0,127.5779950188032,2,METEOSAT-1
1.0,130.07855230923408,3,METEOSAT-1
1.0,128.44257576096635,1,METEOSAT-1
4.0,127.08789037683013,9,METEOSAT-1
1.0,131.7284811289354,1,METEOSAT-1
3.0,128.39553937226017,8,METEOSAT-1
10.0,129.50208563154015,9,METEOSAT-1
2.0,134.63416802227977,2,METEOSAT-1
10.0,131.28461447885843,3,METEOSAT-1
2.0,135.12509863996922,1,METEOSAT-1
3.0,127.18743421641102,4,METEOSAT-1
2.0,128.25287838632624,4,METEOSAT-1
5.0,128.19913723503856,9,METEOSAT-1
4.0,129.964303989582,4,METEOSAT-1
1.0,129.99522243922837,9,METEOSAT-1
2.0,129.18837189248455,6,METEOSAT-1
1.0,130.4306330812538,3,METEOSAT-1
10.0,120.12673438442043,7,METEOSAT-1
3.0,136.1755777383288,6,METEOSAT-1
11.0,127.07109315106095,4,METEOSAT-1
19.0,133.990140299532,1,METEOSAT-1
5.0,138.0285585931884,9,METEOSAT-1
8.0,130.11885949871476,2,METEOSAT-1
9.0,133.37826894268704,6,METEOSAT-1
1.0,125.28764996522041,7,METEOSAT-1
1.0,128.59769272166955,3,METEOSAT-1
3.0,126.44346425602689,9,METEOSAT-1
2.0,128.77486336940228,9,METEOSAT-1
8.0,129.22010039775557,5,METEOSAT-1
1.0,131.4731577078253,1,METEOSAT-1
13.0,127.39233041687672,8,METEOSAT-1
3.0,128.90215611058602,7,METEOSAT-1
1.0,121.65176753060626,7,METEOSAT-1
5.0,125.96677390318553,9,METEOSAT-1
15.0,128.88913836868764,4,METEOSAT-1
9.0,140.0096376632355,6,METEOSAT-1
9.0,133.93845556539296,0,METEOSAT-1
7.0,135.3451090310077,1,METEOSAT-1
10.0,135.59529600708484,3,METEOSAT-1
25.0,137.40294930377152,8,METEOSAT-1
6.0,142.87937391971252,2,METEOSAT-1
1.0,138.0276072022959,6,METEOSAT-1
7.0,128.49849744118094,1,METEOSAT-1
21.0,200.54677035543307,5,METEOSAT-2
56.0,195.35046213069882,4,METEOSAT-2
85.0,219.13013142879967,5,METEOSAT-2
26.0,211.2194135198268,7,METEOSAT-2
6.0,173.0724127887974,7,METEOSAT-2
6.0,158.4787381626096,6,METEOSAT-2
15.0,148.641078087361,4,METEOSAT-2
3.0,154.3606719295207,8,METEOSAT-2
52.0,140.55699089484392,4,METEOSAT-2
10.0,168.04576710954697,4,METEOSAT-2
17.0,142.0860872663135,9,METEOSAT-2
22.0,144.49243727086397,2,METEOSAT-2
17.0,150.32247443205156,1,METEOSAT-2
24.0,146.6360103555473,5,METEOSAT-2
19.0,146.44645504288258,8,METEOSAT-2
1.0,137.26989328785763,7,METEOSAT-2
2.0,131.9957929661335,6,METEOSAT-2
5.0,133.14017890960343,3,METEOSAT-2
20.0,133.25656692734728,2,METEOSAT-2
76.0,137.8708963559457,7,METEOSAT-2
33.0,169.31204530438737,0,METEOSAT-2
13.0,162.42433067164677,6,METEOSAT-2
17.0,149.36152613996853,1,METEOSAT-2
4.0,143.74110833975882,9,METEOSAT-2
8.0,134.73587344834615,1,METEOSAT-2
15.0,129.8141172533361,7,METEOSAT-2
26.0,141.58897333209595,3,METEOSAT-2
79.0,137.43161683987014,7,METEOSAT-2
36.0,160.4715625323961,3,METEOSAT-2
2.0,143.90570920755488,8,METEOSAT-2
23.0,128.14398027027266,1,METEOSAT-2
14.0,144.89018212930452,5,METEOSAT-2
26.0,141.5987357621852,5,METEOSAT-2
24.0,145.43503158573435,6,METEOSAT-2
47.0,146.51729299353462,6,METEOSAT-2
53.0,157.22135365142856,6,METEOSAT-2
23.0,153.1172473052829,4,METEOSAT-2
10.0,144.01636933397873,3,METEOSAT-2
2.0,137.94956305568553,5,METEOSAT-2
4.0,131.3011452679122,6,METEOSAT-2
13.0,129.53913514356563,4,METEOSAT-2
8.0,140.51809336058065,6,METEOSAT-2
4.0,136.89833168026948,6,METEOSAT-2
21.0,132.51017722779542,3,METEOSAT-2
5.0,141.06524775447878,3,METEOSAT-2
23.0,123.98570112050812,7,METEOSAT-2
4.0,139.27408441905598,0,METEOSAT-2
22.0,122.52931909974544,7,METEOSAT-2
1.0,138.55701314145645,1,METEOSAT-2
9.0,128.61637930050327,3,METEOSAT-2
8.0,124.6166371878535,7,METEOSAT-2
33.0,130.9882687558497,1,METEOSAT-2
19.0,132.26970517324233,7,METEOSAT-2
1.0,137.25461525525606,3,METEOSAT-2
2.0,125.15773192096738,4,METEOSAT-2
3.0,125.18937846976772,2,METEOSAT-2
4.0,128.94923952701436,5,METEOSAT-2
4.0,128.82423664260864,9,METEOSAT-2
13.0,129.34231811356375,0,METEOSAT-2
1.0,135.99320977327875,5,METEOSAT-2
5.0,124.5032192446971,2,METEOSAT-2
17.0,129.12389177625747,9,METEOSAT-2
3.0,138.786578804714,6,METEOSAT-2
34.0,128.933046926589,0,METEOSAT-2
39.0,142.9022690213495,4,METEOSAT-2
11.0,144.68597787480488,0,METEOSAT-2
59.0,132.84382203389916,2,METEOSAT-2
16.0,146.93361973150007,0,METEOSAT-2
4.0,133.32670807097466,9,METEOSAT-2
1.0,130.40502445850126,5,METEOSAT-2
4.0,124.24689071456018,2,METEOSAT-2
7.0,128.29320716358694,8,METEOSAT-2
25.0,128.9848203611182,4,METEOSAT-2
4.0,139.56316210595807,5,METEOSAT-2
27.0,120.67053411168719,7,METEOSAT-2
2.0,136.1692818454679,4,METEOSAT-2
7.0,128.38538327022258,3,METEOSAT-2
13.0,127.95030755627552,2,METEOSAT-2
14.0,134.2757999328731,5,METEOSAT-2
4.0,132.1952047476936,4,METEOSAT-2
2.0,126.10594247205994,2,METEOSAT-2
15.0,124.55186146255468,2,METEOSAT-2
2.0,132.22440282397486,9,METEOSAT-2
13.0,127.02471647298145,0,METEOSAT-2
2.0,132.61106489330615,0,METEOSAT-2
327.0,128.25942373814473,3,METEOSAT-2
13.0,180.5729821218855,6,METEOSAT-2
6.0,131.240998695785,8,METEOSAT-2
3.0,130.37825621341506,3,METEOSAT-2
18.0,127.73224666599408,6,METEOSAT-2
5.0,133.87549055454838,0,METEOSAT-2
6.0,127.69706632799362,9,METEOSAT-2
4.0,130.54544575747101,3,METEOSAT-2
18.0,128.51298778112908,8,METEOSAT-2
122.0,1.4206487372509793,6,NOAA-11
39.0,65.9301355442273,2,NOAA-11
7.0,90.89231176958899,7,NOAA-11
2.0,15.36478256737587,3,NOAA-11
28.0,13.401659855077131,3,NOAA-11
61.0,1.1270932672215919,6,NOAA-11
55.0,46.801000050647154,1,NOAA-11
29.0,104.07853122623138,8,NOAA-11
14.0,99.18247883509065,8,NOAA-11
8.0,36.96376133158015,1,NOAA-11
4.0,33.451657443818135,9,NOAA-11
106.0,15.816900491470479,5,NOAA-11
130.0,17.66878665642471,3,NOAA-11
55.0,31.365276768212993,5,NOAA-11
1.0,1.0009594742026098,6,NOAA-11
8.0,0.5833373017764829,6,NOAA-11
2.0,44.08123056097484,2,NOAA-11
1.0,0.5923798255682562,6,NOAA-11
7.0,8.645434014167453,5,NOAA-11
3.0,27.906065785464918,9,NOAA-11
2.0,81.05889746250233,8,NOAA-11
1.0,79.70950971260814,8,NOAA-11
2.0,41.48211092393428,7,NOAA-11
4.0,34.16017251236883,4,NOAA-11
5.0,43.27378238053838,2,NOAA-11
3.0,10.57114890503031,3,NOAA-11
13.0,188.98888102704694,9,PIONEER-12
13.0,186.45545258619393,9,PIONEER-12
15.0,176.7921426814677,9,PIONEER-12
23.0,136.13049199042376,8,PIONEER-12
17.0,123.12338585077906,6,PIONEER-12
2.0,188.21544244709264,0,PIONEER-12
5.0,138.50320670649668,3,PIONEER-12
8.0,142.3477830465135,3,PIONEER-12
4.0,114.04275204965157,1,PIONEER-12
9.0,114.04585899838669,5,PIONEER-12
8.0,146.79237961432523,7,PIONEER-12
40.0,133.68075559373472,8,PIONEER-12
2.0,203.8352469354068,0,PIONEER-12
43.0,159.29251412589966,0,PIONEER-12
3.0,173.70721504017234,2,PIONEER-12
24.0,114.48081139101511,6,PIONEER-12
25.0,182.32699566951112,9,PIONEER-12
11.0,161.75496512813785,2,PIONEER-12
18.0,153.84499362025332,2,PIONEER-12
14.0,174.49631238825015,0,PIONEER-12
5.0,133.2439722143077,8,PIONEER-12
51.0,135.99572419716534,3,PIONEER-12
17.0,159.10385614689423,2,PIONEER-12
13.0,132.82445986338456,8,PIONEER-12
29.0,136.8577744432962,3,PIONEER-12
22.0,145.5235483889051,3,PIONEER-12
37.0,118.86030850646263,6,PIONEER-12
37.0,157.03960441073738,3,PIONEER-12
3.0,140.30313967841903,6,PIONEER-12
47.0,155.48026219786968,0,PIONEER-12
44.0,121.67610231418118,1,PIONEER-12
82.0,121.31123906794593,1,PIONEER-12
24.0,143.93128609472666,4,PIONEER-12
120.0,149.42291101457482,7,PIONEER-12
206.0,137.16657919394726,8,PIONEER-12
3.0,193.6245502498414,2,PIONEER-12
152.0,129.94727210962256,3,PIONEER-12
19.0,211.17781491982316,9,PIONEER-12
25.0,153.89224994689684,2,PIONEER-12
21.0,176.7320415174588,9,PIONEER-12
10.0,139.12654389400976,4,PIONEER-12
17.0,145.03847219534876,7,PIONEER-12
106.0,149.43025000361266,3,PIONEER-12
15.0,150.04662652445683,4,PIONEER-12
104.0,128.2819395060221,5,PIONEER-12
12.0,135.57965129685763,6,PIONEER-12
31.0,129.52090962528746,8,PIONEER-12
13.0,108.1110913956916,1,PIONEER-12
7.0,135.90492569053328,3,PIONEER-12
9.0,125.91726612899518,4,PIONEER-12
2.0,128.18446074883474,4,PIONEER-12
10.0,147.92816549669843,0,PIONEER-12
35.0,160.50215371515768,0,PIONEER-12
20.0,181.89121729433867,9,PIONEER-12
55.0,146.95977767555982,3,PIONEER-12
29.0,178.88460884640165,9,PIONEER-12
147.0,110.5484732439108,1,PIONEER-12
138.0,139.06802546684509,6,PIONEER-12
33.0,136.19549175870742,8,PIONEER-12
4.0,181.12234207384662,0,PIONEER-12
45.0,128.6196271293177,7,PIONEER-12
11.0,135.27604258135048,5,PIONEER-12
51.0,136.60377598749474,3,PIONEER-12
82.0,131.5975662037081,5,PIONEER-12
14.0,156.27561100331863,2,PIONEER-12
19.0,106.83412656097899,6,PIONEER-12
47.0,160.51173183780872,9,PIONEER-12
5.0,108.59795573994808,1,PIONEER-12
24.0,120.0910659670873,7,PIONEER-12
4.0,169.45539652470433,9,PIONEER-12
71.0,135.63609672258315,2,PIONEER-12
28.0,167.7013409551316,7,PIONEER-12
36.0,129.79909789572176,8,PIONEER-12
7.0,168.5960340145967,0,PIONEER-12
29.0,139.29422161380083,2,PIONEER-12
28.0,119.3011209828602,5,PIONEER-12
13.0,129.23727223293648,7,PIONEER-12
86.0,204.23188836724714,8,SATCOM-I
12.0,222.95638584868743,8,SATCOM-I
1.0,173.89435311482282,3,SATCOM-I
3.0,141.636084611741,9,SATCOM-I
2.0,146.53882765973822,8,SATCOM-I
3.0,141.91419684169375,5,SATCOM-I
17.0,142.7266518264508,3,SATCOM-I
2.0,154.79410068647348,8,SATCOM-I
17.0,136.69509174103436,1,SATCOM-I
23.0,155.76004776730952,5,SATCOM-I
14.0,155.7935823613584,1,SATCOM-I
2.0,150.96732412732763,0,SATCOM-I
1.0,139.09723968582338,5,SATCOM-I
1.0,136.15021232131875,3,SATCOM-I
2.0,135.6246980166761,3,SATCOM-I
21.0,135.74457976086643,1,SATCOM-I
1.0,156.31779152917318,5,SATCOM-I
1.0,125.47264365288065,7,SATCOM-I
1.0,132.7557521638718,8,SATCOM-I
1.0,133.09049358329668,3,SATCOM-I
2.0,133.77496806754348,5,SATCOM-I
39.0,209.027541843863,6,SBS1[F-3]
118.0,220.84258333045295,1,SBS1[F-3]
160.0,217.58391726296844,6,SBS1[F-3]
146.0,225.5151993586008,9,SBS1[F-3]
59.0,213.28120885109084,9,SBS1[F-3]
16.0,174.57929290694204,8,SBS1[F-3]
92.0,151.42466768543227,9,SBS1[F-3]
60.0,181.56938323198233,0,SBS1[F-3]
71.0,183.466293284667,6,SBS1[F-3]
1.0,185.61206525554712,3,SBS1[F-3]
227.0,138.39994993595667,6,SBS1[F-3]
46.0,202.76481985818037,1,SBS1[F-3]
14.0,162.4440057393909,3,SBS1[F-3]
1.0,144.12160468550368,2,SBS1[F-3]
2.0,124.47763360047946,7,SBS1[F-3]
14.0,132.73730891598214,1,SBS1[F-3]
1.0,144.64207998499458,9,SBS1[F-3]
9.0,131.51169922659815,0,SBS1[F-3]
55.0,141.28330733784045,3,SBS1[F-3]
39.0,162.74898926521826,5,SBS1[F-3]
33.0,160.45623708626283,6,SBS1[F-3]
88.0,149.3346141086462,9,SBS1[F-3]
1.0,159.51094192472908,4,SBS1[F-3]
67.0,128.37593285756543,8,SBS1[F-3]
29.0,148.76844493318336,8,SBS1[F-3]
28.0,142.61269232387713,9,SBS1[F-3]
4.0,144.51512253768735,1,SBS1[F-3]
13.0,123.73663439035671,7,SBS1[F-3]
10.0,136.99309473757623,9,SBS1[F-3]
1.0,138.97821980861926,6,SBS1[F-3]
26.0,126.19493849876892,2,SBS1[F-3]
176.0,145.5071350120599,1,SBS1[F-3]
85.0,172.16669153837557,1,SBS1[F-3]
7.0,154.1818849654899,9,SBS1[F-3]
36.0,133.31289877082747,5,SBS1[F-3]
19.0,136.14191471791239,7,SBS1[F-3]
59.0,137.84683009835362,2,SBS1[F-3]
26.0,152.9480999013474,2,SBS1[F-3]
3.0,135.08297235306952,7,SBS1[F-3]
32.0,128.46747258672966,8,SBS1[F-3]
73.0,140.15405028274776,9,SBS1[F-3]
10.0,148.95404512808432,4,SBS1[F-3]
46.0,134.00516816530197,6,SBS1[F-3]
24.0,141.1701847534531,9,SBS1[F-3]
1.0,136.83146886946815,0,SBS1[F-3]
33.0,126.38849315182316,0,SBS1[F-3]
26.0,141.2743595565513,4,SBS1[F-3]
63.0,139.03951900315116,9,SBS1[F-3]
52.0,160.92902848168217,5,SBS1[F-3]
67.0,146.94785537350654,9,SBS1[F-3]
12.0,148.5686093185376,0,SBS1[F-3]
1.0,133.3600018974414,0,SBS1[F-3]
129.0,126.74511074861007,8,SBS1[F-3]
3.0,161.2601237040593,3,SBS1[F-3]
37.0,128.24213945336192,8,SBS1[F-3]
1.0,141.59148527908883,2,SBS1[F-3]
14.0,126.837724416726,1,SBS1[F-3]
12.0,135.76830024160995,0,SBS1[F-3]
21.0,135.29662283451717,9,SBS1[F-3]
26.0,145.85175768749957,5,SBS1[F-3]
1.0,142.00052708805003,4,SBS1[F-3]
6.0,129.70081911579524,3,SBS1[F-3]
16.0,132.62172771078647,1,SBS1[F-3]
1.0,136.30811071234956,2,SBS1[F-3]
16.0,128.30812290884668,5,SBS1[F-3]
63.0,251.34619882285187,4,SBS2[F-1]
224.0,197.56311818713232,8,SBS2[F-1]
42.0,213.93788005803816,9,SBS2[F-1]
32.0,163.71921082508663,7,SBS2[F-1]
1.0,165.44096909721748,4,SBS2[F-1]
16.0,136.90087233520507,1,SBS2[F-1]
5.0,150.2813102516402,9,SBS2[F-1]
2.0,141.8450924207416,1,SBS2[F-1]
10.0,134.5649294763673,9,SBS2[F-1]
303.0,142.12368472359623,0,SBS2[F-1]
13.0,198.93124489534173,9,SBS2[F-1]
29.0,135.44810696700475,7,SBS2[F-1]
29.0,144.9800082399796,7,SBS2[F-1]
29.0,145.80997606815816,8,SBS2[F-1]
129.0,142.78599707708418,8,SBS2[F-1]
30.0,164.53208769564225,0,SBS2[F-1]
18.0,141.71076680916389,9,SBS2[F-1]
12.0,140.19391356234394,5,SBS2[F-1]
113.0,137.33561204387598,5,SBS2[F-1]
304.0,163.70454918805848,8,SBS2[F-1]
52.0,200.26388973658644,1,SBS2[F-1]
6.0,152.5380849695518,8,SBS2[F-1]
24.0,134.59011878729905,8,SBS2[F-1]
104.0,141.7875186962143,8,SBS2[F-1]
126.0,194.56389168809392,0,SBS3[F-2]
42.0,223.34657649888288,9,SBS3[F-2]
29.0,193.47273559821724,5,SBS3[F-2]
59.0,167.83327143329728,8,SBS3[F-2]
48.0,175.64901262221775,8,SBS3[F-2]
22.0,179.99636987982467,5,SBS3[F-2]
3.0,158.4140560825895,9,SBS3[F-2]
2.0,139.37515866276766,6,SBS3[F-2]
5.0,135.06464129992207,9,SBS3[F-2]
46.0,137.53420080259414,0,SBS3[F-2]
21.0,167.2929798472835,3,SBS3[F-2]
3.0,149.06975274178328,0,SBS3[F-2]
134.0,133.93443741994724,2,SBS3[F-2]
29.0,190.17845508905282,5,SBS3[F-2]
1.0,153.8623756557837,6,SBS3[F-2]
43.0,128.14532625932037,2,SBS3[F-2]
13.0,143.27057225078286,7,SBS3[F-2]
4.0,138.3050019235713,2,SBS3[F-2]
91.0,133.85708612077383,5,SBS3[F-2]
40.0,166.87305564563997,1,SBS3[F-2]
223.0,149.62247616204274,0,SBS3[F-2]
27.0,171.441061148041,8,SBS3[F-2]
53.0,133.26553557802066,7,SBS3[F-2]
31.0,154.46596435644946,5,SBS3[F-2]
11.0,144.32733971902556,4,SBS3[F-2]
80.0,137.94407901398677,3,SBS3[F-2]
195.0,162.2502023526218,3,SBS3[F-2]
4.0,176.09845285961347,5,SBS3[F-2]
59.0,130.39246104319363,6,SBS3[F-2]
16.0,217.39699045173734,5,SBS3[F-2]
3.0,19.471016773417585,3,TOPEX
3.0,97.63870061190727,8,TOPEX
4.0,93.62421460258244,8,TOPEX
1.0,43.40424204000834,4,TOPEX
2.0,44.14481592560048,2,TOPEX
1.0,85.84226890107848,8,TOPEX
1.0,36.52941540663073,4,TOPEX
1.0,46.480302924717314,7,TOPEX
1.0,42.2157596975976,2,TOPEX
2.0,41.962993681858094,2,TOPEX
3.0,35.819755351071834,4,TOPEX
1.0,10.387910202633178,3,TOPEX
1.0,23.342883995964613,0,TOPEX
2.0,29.167347356438,1,TOPEX
1.0,45.50535582035387,7,TOPEX
1.0,9.436720214185907,3,TOPEX
1.0,41.323346288891685,2,TOPEX
1.0,28.482251925640444,1,TOPEX
1.0,0.5472426294564052,6,TOPEX
2.0,9.216962785793573,3,TOPEX
1.0,29.15222597940862,1,TOPEX
1.0,9.128142119488597,3,TOPEX
