Year,Month,Day,SSN
1976,1,1,0
1976,2,1,0
1976,3,1,0
1976,4,1,23
1976,5,1,30
1976,6,1,0
1976,7,1,9
1976,8,1,10
1976,9,1,17
1976,10,1,30
1976,11,1,0
1976,12,1,0
1976,1,2,0
1976,2,2,0
1976,3,2,0
1976,4,2,23
1976,5,2,23
1976,6,2,0
1976,7,2,8
1976,8,2,16
1976,9,2,20
1976,10,2,28
1976,11,2,0
1976,12,2,0
1976,1,3,0
1976,2,3,0
1976,3,3,0
1976,4,3,21
1976,5,3,25
1976,6,3,0
1976,7,3,10
1976,8,3,17
1976,9,3,12
1976,10,3,30
1976,11,3,0
1976,12,3,0
1976,1,4,0
1976,2,4,0
1976,3,4,0
1976,4,4,13
1976,5,4,8
1976,6,4,0
1976,7,4,8
1976,8,4,13
1976,9,4,11
1976,10,4,30
1976,11,4,0
1976,12,4,0
1976,1,5,0
1976,2,5,0
1976,3,5,0
1976,4,5,12
1976,5,5,21
1976,6,5,0
1976,7,5,8
1976,8,5,16
1976,9,5,17
1976,10,5,25
1976,11,5,0
1976,12,5,0
1976,1,6,0
1976,2,6,0
1976,3,6,10
1976,4,6,9
1976,5,6,10
1976,6,6,0
1976,7,6,10
1976,8,6,14
1976,9,6,10
1976,10,6,24
1976,11,6,0
1976,12,6,0
1976,1,7,0
1976,2,7,0
1976,3,7,12
1976,4,7,0
1976,5,7,10
1976,6,7,0
1976,7,7,7
1976,8,7,24
1976,9,7,9
1976,10,7,30
1976,11,7,0
1976,12,7,7
1976,1,8,0
1976,2,8,0
1976,3,8,7
1976,4,8,0
1976,5,8,9
1976,6,8,10
1976,7,8,0
1976,8,8,27
1976,9,8,9
1976,10,8,7
1976,11,8,0
1976,12,8,19
1976,1,9,0
1976,2,9,0
1976,3,9,10
1976,4,9,8
1976,5,9,8
1976,6,9,10
1976,7,9,0
1976,8,9,31
1976,9,9,18
1976,10,9,14
1976,11,9,0
1976,12,9,22
1976,1,10,0
1976,2,10,0
1976,3,10,12
1976,4,10,10
1976,5,10,10
1976,6,10,7
1976,7,10,0
1976,8,10,24
1976,9,10,22
1976,10,10,0
1976,11,10,0
1976,12,10,19
1976,1,11,0
1976,2,11,0
1976,3,11,13
1976,4,11,15
1976,5,11,16
1976,6,11,7
1976,7,11,0
1976,8,11,23
1976,9,11,24
1976,10,11,0
1976,11,11,0
1976,12,11,22
1976,1,12,20
1976,2,12,0
1976,3,12,13
1976,4,12,17
1976,5,12,17
1976,6,12,8
1976,7,12,0
1976,8,12,28
1976,9,12,20
1976,10,12,13
1976,11,12,0
1976,12,12,16
1976,1,13,26
1976,2,13,13
1976,3,13,13
1976,4,13,17
1976,5,13,23
1976,6,13,8
1976,7,13,0
1976,8,13,26
1976,9,13,18
1976,10,13,17
1976,11,13,0
1976,12,13,12
1976,1,14,34
1976,2,14,16
1976,3,14,22
1976,4,14,19
1976,5,14,30
1976,6,14,15
1976,7,14,0
1976,8,14,15
1976,9,14,10
1976,10,14,23
1976,11,14,0
1976,12,14,32
1976,1,15,20
1976,2,15,18
1976,3,15,16
1976,4,15,19
1976,5,15,17
1976,6,15,18
1976,7,15,0
1976,8,15,8
1976,9,15,16
1976,10,15,25
1976,11,15,7
1976,12,15,34
1976,1,16,22
1976,2,16,11
1976,3,16,11
1976,4,16,19
1976,5,16,12
1976,6,16,15
1976,7,16,0
1976,8,16,15
1976,9,16,14
1976,10,16,28
1976,11,16,7
1976,12,16,36
1976,1,17,22
1976,2,17,8
1976,3,17,30
1976,4,17,22
1976,5,17,18
1976,6,17,18
1976,7,17,0
1976,8,17,19
1976,9,17,8
1976,10,17,31
1976,11,17,14
1976,12,17,34
1976,1,18,20
1976,2,18,15
1976,3,18,43
1976,4,18,27
1976,5,18,8
1976,6,18,24
1976,7,18,0
1976,8,18,22
1976,9,18,8
1976,10,18,24
1976,11,18,20
1976,12,18,24
1976,1,19,18
1976,2,19,10
1976,3,19,47
1976,4,19,27
1976,5,19,20
1976,6,19,23
1976,7,19,0
1976,8,19,25
1976,9,19,7
1976,10,19,20
1976,11,19,13
1976,12,19,15
1976,1,20,16
1976,2,20,12
1976,3,20,48
1976,4,20,30
1976,5,20,20
1976,6,20,20
1976,7,20,0
1976,8,20,20
1976,9,20,0
1976,10,20,19
1976,11,20,12
1976,12,20,8
1976,1,21,11
1976,2,21,8
1976,3,21,44
1976,4,21,37
1976,5,21,13
1976,6,21,30
1976,7,21,0
1976,8,21,17
1976,9,21,0
1976,10,21,15
1976,11,21,8
1976,12,21,9
1976,1,22,10
1976,2,22,7
1976,3,22,36
1976,4,22,20
1976,5,22,7
1976,6,22,31
1976,7,22,0
1976,8,22,8
1976,9,22,0
1976,10,22,22
1976,11,22,13
1976,12,22,9
1976,1,23,10
1976,2,23,0
1976,3,23,26
1976,4,23,17
1976,5,23,15
1976,6,23,22
1976,7,23,0
1976,8,23,9
1976,9,23,7
1976,10,23,28
1976,11,23,11
1976,12,23,9
1976,1,24,0
1976,2,24,0
1976,3,24,22
1976,4,24,16
1976,5,24,8
1976,6,24,25
1976,7,24,0
1976,8,24,15
1976,9,24,7
1976,10,24,30
1976,11,24,10
1976,12,24,17
1976,1,25,0
1976,2,25,0
1976,3,25,22
1976,4,25,17
1976,5,25,0
1976,6,25,18
1976,7,25,0
1976,8,25,10
1976,9,25,16
1976,10,25,30
1976,11,25,9
1976,12,25,22
1976,1,26,0
1976,2,26,0
1976,3,26,38
1976,4,26,26
1976,5,26,7
1976,6,26,17
1976,7,26,0
1976,8,26,14
1976,9,26,17
1976,10,26,29
1976,11,26,9
1976,12,26,25
1976,1,27,7
1976,2,27,7
1976,3,27,45
1976,4,27,23
1976,5,27,0
1976,6,27,9
1976,7,27,0
1976,8,27,7
1976,9,27,18
1976,10,27,24
1976,11,27,8
1976,12,27,16
1976,1,28,0
1976,2,28,0
1976,3,28,43
1976,4,28,21
1976,5,28,0
1976,6,28,11
1976,7,28,0
1976,8,28,8
1976,9,28,18
1976,10,28,19
1976,11,28,8
1976,12,28,17
1976,1,29,8
1976,2,29,0
1976,3,29,38
1976,4,29,24
1976,5,29,0
1976,6,29,11
1976,7,29,0
1976,8,29,9
1976,9,29,23
1976,10,29,15
1976,11,29,8
1976,12,29,19
1976,1,30,8
1976,3,30,32
1976,4,30,32
1976,5,30,0
1976,6,30,10
1976,7,30,0
1976,8,30,10
1976,9,30,30
1976,10,30,8
1976,11,30,0
1976,12,30,19
1976,1,31,0
1976,3,31,26
1976,5,31,0
1976,7,31,0
1976,8,31,9
1976,10,31,0
1976,12,31,12
1977,1,1,20
1977,2,1,15
1977,3,1,0
1977,4,1,7
1977,5,1,15
1977,6,1,44
1977,7,1,42
1977,8,1,17
1977,9,1,22
1977,10,1,43
1977,11,1,44
1977,12,1,20
1977,1,2,32
1977,2,2,19
1977,3,2,8
1977,4,2,11
1977,5,2,14
1977,6,2,43
1977,7,2,45
1977,8,2,15
1977,9,2,29
1977,10,2,37
1977,11,2,40
1977,12,2,20
1977,1,3,25
1977,2,3,19
1977,3,3,8
1977,4,3,10
1977,5,3,22
1977,6,3,43
1977,7,3,42
1977,8,3,24
1977,9,3,29
1977,10,3,47
1977,11,3,25
1977,12,3,31
1977,1,4,25
1977,2,4,16
1977,3,4,8
1977,4,4,7
1977,5,4,23
1977,6,4,49
1977,7,4,39
1977,8,4,19
1977,9,4,25
1977,10,4,47
1977,11,4,22
1977,12,4,47
1977,1,5,24
1977,2,5,18
1977,3,5,8
1977,4,5,7
1977,5,5,18
1977,6,5,40
1977,7,5,40
1977,8,5,23
1977,9,5,20
1977,10,5,48
1977,11,5,25
1977,12,5,58
1977,1,6,13
1977,2,6,7
1977,3,6,9
1977,4,6,8
1977,5,6,16
1977,6,6,39
1977,7,6,40
1977,8,6,26
1977,9,6,26
1977,10,6,55
1977,11,6,27
1977,12,6,58
1977,1,7,0
1977,2,7,7
1977,3,7,8
1977,4,7,7
1977,5,7,12
1977,6,7,41
1977,7,7,25
1977,8,7,28
1977,9,7,25
1977,10,7,57
1977,11,7,34
1977,12,7,55
1977,1,8,0
1977,2,8,26
1977,3,8,20
1977,4,8,0
1977,5,8,19
1977,6,8,38
1977,7,8,20
1977,8,8,25
1977,9,8,18
1977,10,8,52
1977,11,8,27
1977,12,8,45
1977,1,9,0
1977,2,9,21
1977,3,9,20
1977,4,9,0
1977,5,9,25
1977,6,9,33
1977,7,9,17
1977,8,9,30
1977,9,9,30
1977,10,9,47
1977,11,9,31
1977,12,9,58
1977,1,10,0
1977,2,10,25
1977,3,10,19
1977,4,10,0
1977,5,10,29
1977,6,10,29
1977,7,10,23
1977,8,10,25
1977,9,10,40
1977,10,10,38
1977,11,10,25
1977,12,10,75
1977,1,11,14
1977,2,11,28
1977,3,11,19
1977,4,11,8
1977,5,11,34
1977,6,11,27
1977,7,11,9
1977,8,11,23
1977,9,11,45
1977,10,11,28
1977,11,11,26
1977,12,11,71
1977,1,12,22
1977,2,12,48
1977,3,12,14
1977,4,12,12
1977,5,12,35
1977,6,12,22
1977,7,12,8
1977,8,12,29
1977,9,12,51
1977,10,12,33
1977,11,12,27
1977,12,12,62
1977,1,13,23
1977,2,13,68
1977,3,13,8
1977,4,13,16
1977,5,13,26
1977,6,13,20
1977,7,13,10
1977,8,13,40
1977,9,13,48
1977,10,13,53
1977,11,13,28
1977,12,13,44
1977,1,14,22
1977,2,14,61
1977,3,14,7
1977,4,14,22
1977,5,14,33
1977,6,14,25
1977,7,14,7
1977,8,14,40
1977,9,14,47
1977,10,14,48
1977,11,14,31
1977,12,14,37
1977,1,15,24
1977,2,15,45
1977,3,15,0
1977,4,15,29
1977,5,15,26
1977,6,15,8
1977,7,15,0
1977,8,15,42
1977,9,15,53
1977,10,15,54
1977,11,15,39
1977,12,15,41
1977,1,16,18
1977,2,16,49
1977,3,16,0
1977,4,16,31
1977,5,16,25
1977,6,16,8
1977,7,16,0
1977,8,16,38
1977,9,16,56
1977,10,16,53
1977,11,16,49
1977,12,16,39
1977,1,17,30
1977,2,17,47
1977,3,17,8
1977,4,17,32
1977,5,17,20
1977,6,17,8
1977,7,17,0
1977,8,17,36
1977,9,17,53
1977,10,17,51
1977,11,17,51
1977,12,17,29
1977,1,18,26
1977,2,18,37
1977,3,18,0
1977,4,18,29
1977,5,18,12
1977,6,18,21
1977,7,18,0
1977,8,18,40
1977,9,18,60
1977,10,18,50
1977,11,18,54
1977,12,18,33
1977,1,19,7
1977,2,19,25
1977,3,19,0
1977,4,19,22
1977,5,19,0
1977,6,19,33
1977,7,19,7
1977,8,19,35
1977,9,19,59
1977,10,19,54
1977,11,19,52
1977,12,19,40
1977,1,20,0
1977,2,20,14
1977,3,20,0
1977,4,20,12
1977,5,20,11
1977,6,20,21
1977,7,20,8
1977,8,20,33
1977,9,20,60
1977,10,20,54
1977,11,20,38
1977,12,20,23
1977,1,21,15
1977,2,21,9
1977,3,21,0
1977,4,21,20
1977,5,21,14
1977,6,21,28
1977,7,21,8
1977,8,21,33
1977,9,21,58
1977,10,21,42
1977,11,21,32
1977,12,21,23
1977,1,22,24
1977,2,22,9
1977,3,22,10
1977,4,22,19
1977,5,22,7
1977,6,22,40
1977,7,22,23
1977,8,22,38
1977,9,22,42
1977,10,22,35
1977,11,22,28
1977,12,22,17
1977,1,23,34
1977,2,23,9
1977,3,23,9
1977,4,23,18
1977,5,23,7
1977,6,23,57
1977,7,23,30
1977,8,23,15
1977,9,23,41
1977,10,23,30
1977,11,23,24
1977,12,23,23
1977,1,24,35
1977,2,24,8
1977,3,24,7
1977,4,24,8
1977,5,24,7
1977,6,24,60
1977,7,24,38
1977,8,24,19
1977,9,24,48
1977,10,24,29
1977,11,24,18
1977,12,24,31
1977,1,25,20
1977,2,25,8
1977,3,25,14
1977,4,25,0
1977,5,25,0
1977,6,25,74
1977,7,25,42
1977,8,25,25
1977,9,25,46
1977,10,25,28
1977,11,25,10
1977,12,25,35
1977,1,26,14
1977,2,26,8
1977,3,26,8
1977,4,26,14
1977,5,26,7
1977,6,26,71
1977,7,26,42
1977,8,26,34
1977,9,26,49
1977,10,26,30
1977,11,26,9
1977,12,26,41
1977,1,27,0
1977,2,27,0
1977,3,27,9
1977,4,27,8
1977,5,27,13
1977,6,27,74
1977,7,27,37
1977,8,27,38
1977,9,27,54
1977,10,27,38
1977,11,27,14
1977,12,27,50
1977,1,28,13
1977,2,28,0
1977,3,28,16
1977,4,28,11
1977,5,28,16
1977,6,28,65
1977,7,28,26
1977,8,28,36
1977,9,28,61
1977,10,28,37
1977,11,28,9
1977,12,28,45
1977,1,29,11
1977,3,29,16
1977,4,29,10
1977,5,29,20
1977,6,29,50
1977,7,29,16
1977,8,29,40
1977,9,29,64
1977,10,29,42
1977,11,29,10
1977,12,29,58
1977,1,30,8
1977,3,30,8
1977,4,30,9
1977,5,30,30
1977,6,30,45
1977,7,30,10
1977,8,30,36
1977,9,30,60
1977,10,30,45
1977,11,30,23
1977,12,30,64
1977,1,31,10
1977,3,31,8
1977,5,31,40
1977,7,31,8
1977,8,31,31
1977,10,31,52
1977,12,31,67
1978,1,1,90
1978,2,1,128
1978,3,1,102
1978,4,1,70
1978,5,1,85
1978,6,1,119
1978,7,1,64
1978,8,1,42
1978,9,1,136
1978,10,1,96
1978,11,1,109
1978,12,1,110
1978,1,2,94
1978,2,2,120
1978,3,2,92
1978,4,2,68
1978,5,2,89
1978,6,2,98
1978,7,2,61
1978,8,2,48
1978,9,2,167
1978,10,2,112
1978,11,2,122
1978,12,2,110
1978,1,3,104
1978,2,3,130
1978,3,3,95
1978,4,3,71
1978,5,3,93
1978,6,3,78
1978,7,3,51
1978,8,3,38
1978,9,3,159
1978,10,3,105
1978,11,3,125
1978,12,3,117
1978,1,4,103
1978,2,4,142
1978,3,4,98
1978,4,4,75
1978,5,4,92
1978,6,4,60
1978,7,4,48
1978,8,4,62
1978,9,4,162
1978,10,4,100
1978,11,4,129
1978,12,4,115
1978,1,5,91
1978,2,5,137
1978,3,5,84
1978,4,5,94
1978,5,5,89
1978,6,5,51
1978,7,5,54
1978,8,5,74
1978,9,5,177
1978,10,5,73
1978,11,5,121
1978,12,5,104
1978,1,6,79
1978,2,6,129
1978,3,6,75
1978,4,6,92
1978,5,6,85
1978,6,6,31
1978,7,6,63
1978,8,6,66
1978,9,6,177
1978,10,6,74
1978,11,6,108
1978,12,6,122
1978,1,7,55
1978,2,7,122
1978,3,7,90
1978,4,7,88
1978,5,7,75
1978,6,7,39
1978,7,7,84
1978,8,7,58
1978,9,7,147
1978,10,7,95
1978,11,7,112
1978,12,7,138
1978,1,8,39
1978,2,8,90
1978,3,8,99
1978,4,8,105
1978,5,8,63
1978,6,8,45
1978,7,8,105
1978,8,8,62
1978,9,8,120
1978,10,8,103
1978,11,8,118
1978,12,8,148
1978,1,9,36
1978,2,9,97
1978,3,9,94
1978,4,9,126
1978,5,9,62
1978,6,9,36
1978,7,9,108
1978,8,9,64
1978,9,9,109
1978,10,9,121
1978,11,9,108
1978,12,9,152
1978,1,10,15
1978,2,10,102
1978,3,10,92
1978,4,10,125
1978,5,10,60
1978,6,10,29
1978,7,10,115
1978,8,10,67
1978,9,10,99
1978,10,10,149
1978,11,10,120
1978,12,10,144
1978,1,11,20
1978,2,11,112
1978,3,11,88
1978,4,11,120
1978,5,11,63
1978,6,11,57
1978,7,11,127
1978,8,11,58
1978,9,11,84
1978,10,11,158
1978,11,11,118
1978,12,11,170
1978,1,12,26
1978,2,12,115
1978,3,12,78
1978,4,12,109
1978,5,12,66
1978,6,12,62
1978,7,12,111
1978,8,12,71
1978,9,12,72
1978,10,12,158
1978,11,12,99
1978,12,12,188
1978,1,13,33
1978,2,13,96
1978,3,13,73
1978,4,13,105
1978,5,13,74
1978,6,13,62
1978,7,13,114
1978,8,13,93
1978,9,13,92
1978,10,13,156
1978,11,13,90
1978,12,13,165
1978,1,14,37
1978,2,14,82
1978,3,14,72
1978,4,14,91
1978,5,14,74
1978,6,14,64
1978,7,14,109
1978,8,14,93
1978,9,14,113
1978,10,14,170
1978,11,14,78
1978,12,14,150
1978,1,15,34
1978,2,15,65
1978,3,15,74
1978,4,15,90
1978,5,15,78
1978,6,15,89
1978,7,15,102
1978,8,15,77
1978,9,15,133
1978,10,15,166
1978,11,15,59
1978,12,15,140
1978,1,16,27
1978,2,16,64
1978,3,16,74
1978,4,16,95
1978,5,16,91
1978,6,16,94
1978,7,16,110
1978,8,16,52
1978,9,16,143
1978,10,16,163
1978,11,16,77
1978,12,16,143
1978,1,17,26
1978,2,17,58
1978,3,17,74
1978,4,17,99
1978,5,17,86
1978,6,17,103
1978,7,17,98
1978,8,17,50
1978,9,17,136
1978,10,17,143
1978,11,17,92
1978,12,17,146
1978,1,18,14
1978,2,18,57
1978,3,18,74
1978,4,18,103
1978,5,18,89
1978,6,18,115
1978,7,18,84
1978,8,18,50
1978,9,18,156
1978,10,18,135
1978,11,18,93
1978,12,18,132
1978,1,19,8
1978,2,19,56
1978,3,19,65
1978,4,19,111
1978,5,19,84
1978,6,19,109
1978,7,19,77
1978,8,19,42
1978,9,19,159
1978,10,19,154
1978,11,19,85
1978,12,19,95
1978,1,20,8
1978,2,20,58
1978,3,20,59
1978,4,20,115
1978,5,20,74
1978,6,20,109
1978,7,20,76
1978,8,20,30
1978,9,20,163
1978,10,20,151
1978,11,20,76
1978,12,20,84
1978,1,21,19
1978,2,21,65
1978,3,21,77
1978,4,21,114
1978,5,21,76
1978,6,21,154
1978,7,21,77
1978,8,21,30
1978,9,21,171
1978,10,21,144
1978,11,21,68
1978,12,21,68
1978,1,22,28
1978,2,22,73
1978,3,22,84
1978,4,22,115
1978,5,22,74
1978,6,22,158
1978,7,22,48
1978,8,22,36
1978,9,22,148
1978,10,22,125
1978,11,22,77
1978,12,22,63
1978,1,23,40
1978,2,23,76
1978,3,23,88
1978,4,23,119
1978,5,23,73
1978,6,23,158
1978,7,23,38
1978,8,23,45
1978,9,23,156
1978,10,23,116
1978,11,23,55
1978,12,23,59
1978,1,24,40
1978,2,24,91
1978,3,24,85
1978,4,24,106
1978,5,24,82
1978,6,24,154
1978,7,24,38
1978,8,24,48
1978,9,24,163
1978,10,24,104
1978,11,24,61
1978,12,24,65
1978,1,25,38
1978,2,25,94
1978,3,25,74
1978,4,25,136
1978,5,25,85
1978,6,25,135
1978,7,25,30
1978,8,25,55
1978,9,25,168
1978,10,25,96
1978,11,25,85
1978,12,25,81
1978,1,26,49
1978,2,26,90
1978,3,26,60
1978,4,26,115
1978,5,26,88
1978,6,26,152
1978,7,26,13
1978,8,26,45
1978,9,26,152
1978,10,26,102
1978,11,26,101
1978,12,26,93
1978,1,27,67
1978,2,27,85
1978,3,27,52
1978,4,27,99
1978,5,27,97
1978,6,27,143
1978,7,27,22
1978,8,27,57
1978,9,27,142
1978,10,27,115
1978,11,27,118
1978,12,27,110
1978,1,28,78
1978,2,28,88
1978,3,28,49
1978,4,28,83
1978,5,28,93
1978,6,28,130
1978,7,28,31
1978,8,28,57
1978,9,28,126
1978,10,28,117
1978,11,28,118
1978,12,28,122
1978,1,29,90
1978,3,29,48
1978,4,29,78
1978,5,29,103
1978,6,29,115
1978,7,29,48
1978,8,29,59
1978,9,29,122
1978,10,29,137
1978,11,29,111
1978,12,29,135
1978,1,30,103
1978,3,30,45
1978,4,30,75
1978,5,30,107
1978,6,30,103
1978,7,30,39
1978,8,30,72
1978,9,30,94
1978,10,30,128
1978,11,30,103
1978,12,30,159
1978,1,31,118
1978,3,31,58
1978,5,31,113
1978,7,31,36
1978,8,31,100
1978,10,31,111
1978,12,31,177
1979,1,1,158
1979,2,1,116
1979,3,1,116
1979,4,1,131
1979,5,1,108
1979,6,1,121
1979,7,1,158
1979,8,1,115
1979,9,1,165
1979,10,1,213
1979,11,1,224
1979,12,1,122
1979,1,2,158
1979,2,2,113
1979,3,2,138
1979,4,2,134
1979,5,2,106
1979,6,2,145
1979,7,2,168
1979,8,2,96
1979,9,2,141
1979,10,2,187
1979,11,2,157
1979,12,2,156
1979,1,3,191
1979,2,3,138
1979,3,3,141
1979,4,3,135
1979,5,3,103
1979,6,3,154
1979,7,3,205
1979,8,3,121
1979,9,3,148
1979,10,3,167
1979,11,3,155
1979,12,3,187
1979,1,4,157
1979,2,4,123
1979,3,4,142
1979,4,4,138
1979,5,4,112
1979,6,4,178
1979,7,4,219
1979,8,4,110
1979,9,4,157
1979,10,4,156
1979,11,4,172
1979,12,4,218
1979,1,5,146
1979,2,5,134
1979,3,5,135
1979,4,5,109
1979,5,5,113
1979,6,5,207
1979,7,5,232
1979,8,5,93
1979,9,5,139
1979,10,5,168
1979,11,5,166
1979,12,5,232
1979,1,6,173
1979,2,6,146
1979,3,6,144
1979,4,6,91
1979,5,6,122
1979,6,6,226
1979,7,6,249
1979,8,6,104
1979,9,6,139
1979,10,6,168
1979,11,6,203
1979,12,6,206
1979,1,7,163
1979,2,7,144
1979,3,7,146
1979,4,7,77
1979,5,7,148
1979,6,7,222
1979,7,7,223
1979,8,7,110
1979,9,7,170
1979,10,7,179
1979,11,7,240
1979,12,7,212
1979,1,8,172
1979,2,8,142
1979,3,8,143
1979,4,8,69
1979,5,8,157
1979,6,8,220
1979,7,8,219
1979,8,8,132
1979,9,8,192
1979,10,8,190
1979,11,8,280
1979,12,8,262
1979,1,9,165
1979,2,9,139
1979,3,9,146
1979,4,9,61
1979,5,9,162
1979,6,9,224
1979,7,9,191
1979,8,9,115
1979,9,9,190
1979,10,9,210
1979,11,9,279
1979,12,9,280
1979,1,10,163
1979,2,10,137
1979,3,10,140
1979,4,10,75
1979,5,10,145
1979,6,10,205
1979,7,10,163
1979,8,10,92
1979,9,10,177
1979,10,10,178
1979,11,10,302
1979,12,10,260
1979,1,11,157
1979,2,11,137
1979,3,11,156
1979,4,11,94
1979,5,11,148
1979,6,11,186
1979,7,11,155
1979,8,11,84
1979,9,11,167
1979,10,11,183
1979,11,11,295
1979,12,11,242
1979,1,12,159
1979,2,12,138
1979,3,12,170
1979,4,12,107
1979,5,12,158
1979,6,12,199
1979,7,12,145
1979,8,12,87
1979,9,12,156
1979,10,12,189
1979,11,12,248
1979,12,12,261
1979,1,13,151
1979,2,13,152
1979,3,13,169
1979,4,13,113
1979,5,13,163
1979,6,13,172
1979,7,13,142
1979,8,13,91
1979,9,13,175
1979,10,13,201
1979,11,13,183
1979,12,13,235
1979,1,14,157
1979,2,14,163
1979,3,14,159
1979,4,14,116
1979,5,14,203
1979,6,14,149
1979,7,14,127
1979,8,14,112
1979,9,14,186
1979,10,14,213
1979,11,14,218
1979,12,14,230
1979,1,15,178
1979,2,15,161
1979,3,15,155
1979,4,15,117
1979,5,15,207
1979,6,15,117
1979,7,15,121
1979,8,15,135
1979,9,15,177
1979,10,15,198
1979,11,15,186
1979,12,15,225
1979,1,16,164
1979,2,16,159
1979,3,16,130
1979,4,16,119
1979,5,16,187
1979,6,16,103
1979,7,16,107
1979,8,16,115
1979,9,16,163
1979,10,16,185
1979,11,16,166
1979,12,16,215
1979,1,17,164
1979,2,17,160
1979,3,17,142
1979,4,17,107
1979,5,17,184
1979,6,17,122
1979,7,17,109
1979,8,17,124
1979,9,17,155
1979,10,17,214
1979,11,17,238
1979,12,17,180
1979,1,18,146
1979,2,18,162
1979,3,18,142
1979,4,18,98
1979,5,18,148
1979,6,18,126
1979,7,18,109
1979,8,18,143
1979,9,18,177
1979,10,18,224
1979,11,18,172
1979,12,18,151
1979,1,19,138
1979,2,19,166
1979,3,19,138
1979,4,19,79
1979,5,19,109
1979,6,19,110
1979,7,19,135
1979,8,19,176
1979,9,19,195
1979,10,19,221
1979,11,19,174
1979,12,19,138
1979,1,20,177
1979,2,20,181
1979,3,20,131
1979,4,20,68
1979,5,20,107
1979,6,20,111
1979,7,20,158
1979,8,20,187
1979,9,20,191
1979,10,20,214
1979,11,20,153
1979,12,20,126
1979,1,21,192
1979,2,21,171
1979,3,21,134
1979,4,21,68
1979,5,21,114
1979,6,21,124
1979,7,21,151
1979,8,21,218
1979,9,21,184
1979,10,21,209
1979,11,21,124
1979,12,21,124
1979,1,22,188
1979,2,22,155
1979,3,22,140
1979,4,22,79
1979,5,22,121
1979,6,22,108
1979,7,22,152
1979,8,22,216
1979,9,22,178
1979,10,22,191
1979,11,22,116
1979,12,22,111
1979,1,23,200
1979,2,23,127
1979,3,23,139
1979,4,23,76
1979,5,23,117
1979,6,23,96
1979,7,23,154
1979,8,23,206
1979,9,23,219
1979,10,23,179
1979,11,23,142
1979,12,23,116
1979,1,24,209
1979,2,24,99
1979,3,24,118
1979,4,24,72
1979,5,24,119
1979,6,24,90
1979,7,24,143
1979,8,24,203
1979,9,24,236
1979,10,24,161
1979,11,24,162
1979,12,24,130
1979,1,25,209
1979,2,25,88
1979,3,25,114
1979,4,25,85
1979,5,25,124
1979,6,25,120
1979,7,25,144
1979,8,25,201
1979,9,25,252
1979,10,25,153
1979,11,25,155
1979,12,25,143
1979,1,26,173
1979,2,26,108
1979,3,26,114
1979,4,26,118
1979,5,26,123
1979,6,26,132
1979,7,26,142
1979,8,26,182
1979,9,26,261
1979,10,26,145
1979,11,26,141
1979,12,26,116
1979,1,27,167
1979,2,27,97
1979,3,27,117
1979,4,27,125
1979,5,27,118
1979,6,27,112
1979,7,27,146
1979,8,27,189
1979,9,27,256
1979,10,27,136
1979,11,27,115
1979,12,27,93
1979,1,28,157
1979,2,28,95
1979,3,28,114
1979,4,28,132
1979,5,28,110
1979,6,28,128
1979,7,28,132
1979,8,28,174
1979,9,28,239
1979,10,28,142
1979,11,28,119
1979,12,28,98
1979,1,29,153
1979,3,29,123
1979,4,29,132
1979,5,29,113
1979,6,29,124
1979,7,29,148
1979,8,29,158
1979,9,29,235
1979,10,29,184
1979,11,29,98
1979,12,29,121
1979,1,30,149
1979,3,30,135
1979,4,30,120
1979,5,30,96
1979,6,30,154
1979,7,30,150
1979,8,30,150
1979,9,30,233
1979,10,30,190
1979,11,30,116
1979,12,30,139
1979,1,31,130
1979,3,31,147
1979,5,31,120
1979,7,31,144
1979,8,31,168
1979,10,31,223
1979,12,31,135
1980,1,1,153
1980,2,1,195
1980,3,1,181
1980,4,1,168
1980,5,1,121
1980,6,1,152
1980,7,1,101
1980,8,1,78
1980,9,1,208
1980,10,1,151
1980,11,1,188
1980,12,1,171
1980,1,2,158
1980,2,2,178
1980,3,2,168
1980,4,2,145
1980,5,2,149
1980,6,2,124
1980,7,2,108
1980,8,2,63
1980,9,2,226
1980,10,2,135
1980,11,2,218
1980,12,2,176
1980,1,3,148
1980,2,3,185
1980,3,3,151
1980,4,3,133
1980,5,3,140
1980,6,3,128
1980,7,3,97
1980,8,3,65
1980,9,3,232
1980,10,3,139
1980,11,3,204
1980,12,3,152
1980,1,4,160
1980,2,4,182
1980,3,4,136
1980,4,4,123
1980,5,4,166
1980,6,4,141
1980,7,4,85
1980,8,4,65
1980,9,4,233
1980,10,4,121
1980,11,4,217
1980,12,4,146
1980,1,5,184
1980,2,5,178
1980,3,5,130
1980,4,5,154
1980,5,5,192
1980,6,5,150
1980,7,5,96
1980,8,5,53
1980,9,5,188
1980,10,5,96
1980,11,5,201
1980,12,5,131
1980,1,6,207
1980,2,6,209
1980,3,6,132
1980,4,6,179
1980,5,6,145
1980,6,6,131
1980,7,6,98
1980,8,6,72
1980,9,6,179
1980,10,6,116
1980,11,6,196
1980,12,6,126
1980,1,7,212
1980,2,7,220
1980,3,7,120
1980,4,7,194
1980,5,7,147
1980,6,7,149
1980,7,7,97
1980,8,7,64
1980,9,7,136
1980,10,7,135
1980,11,7,175
1980,12,7,108
1980,1,8,221
1980,2,8,203
1980,3,8,101
1980,4,8,199
1980,5,8,157
1980,6,8,150
1980,7,8,87
1980,8,8,90
1980,9,8,140
1980,10,8,173
1980,11,8,201
1980,12,8,124
1980,1,9,249
1980,2,9,172
1980,3,9,103
1980,4,9,229
1980,5,9,168
1980,6,9,164
1980,7,9,84
1980,8,9,125
1980,9,9,108
1980,10,9,186
1980,11,9,158
1980,12,9,117
1980,1,10,219
1980,2,10,140
1980,3,10,69
1980,4,10,214
1980,5,10,144
1980,6,10,177
1980,7,10,86
1980,8,10,130
1980,9,10,119
1980,10,10,235
1980,11,10,158
1980,12,10,145
1980,1,11,245
1980,2,11,148
1980,3,11,67
1980,4,11,245
1980,5,11,142
1980,6,11,172
1980,7,11,87
1980,8,11,181
1980,9,11,125
1980,10,11,260
1980,11,11,144
1980,12,11,148
1980,1,12,210
1980,2,12,128
1980,3,12,70
1980,4,12,251
1980,5,12,143
1980,6,12,166
1980,7,12,98
1980,8,12,174
1980,9,12,128
1980,10,12,256
1980,11,12,120
1980,12,12,178
1980,1,13,181
1980,2,13,131
1980,3,13,71
1980,4,13,252
1980,5,13,150
1980,6,13,161
1980,7,13,105
1980,8,13,172
1980,9,13,133
1980,10,13,213
1980,11,13,103
1980,12,13,185
1980,1,14,178
1980,2,14,140
1980,3,14,68
1980,4,14,203
1980,5,14,166
1980,6,14,136
1980,7,14,128
1980,8,14,193
1980,9,14,100
1980,10,14,232
1980,11,14,108
1980,12,14,213
1980,1,15,146
1980,2,15,159
1980,3,15,52
1980,4,15,182
1980,5,15,148
1980,6,15,129
1980,7,15,161
1980,8,15,192
1980,9,15,83
1980,10,15,224
1980,11,15,105
1980,12,15,217
1980,1,16,166
1980,2,16,163
1980,3,16,36
1980,4,16,154
1980,5,16,148
1980,6,16,134
1980,7,16,198
1980,8,16,196
1980,9,16,98
1980,10,16,202
1980,11,16,112
1980,12,16,237
1980,1,17,145
1980,2,17,132
1980,3,17,67
1980,4,17,126
1980,5,17,173
1980,6,17,129
1980,7,17,211
1980,8,17,190
1980,9,17,93
1980,10,17,158
1980,11,17,109
1980,12,17,198
1980,1,18,130
1980,2,18,122
1980,3,18,63
1980,4,18,127
1980,5,18,215
1980,6,18,146
1980,7,18,241
1980,8,18,195
1980,9,18,114
1980,10,18,142
1980,11,18,113
1980,12,18,183
1980,1,19,118
1980,2,19,129
1980,3,19,119
1980,4,19,134
1980,5,19,218
1980,6,19,166
1980,7,19,220
1980,8,19,185
1980,9,19,137
1980,10,19,137
1980,11,19,125
1980,12,19,166
1980,1,20,115
1980,2,20,125
1980,3,20,108
1980,4,20,164
1980,5,20,230
1980,6,20,179
1980,7,20,227
1980,8,20,179
1980,9,20,150
1980,10,20,167
1980,11,20,112
1980,12,20,171
1980,1,21,121
1980,2,21,114
1980,3,21,105
1980,4,21,143
1980,5,21,233
1980,6,21,191
1980,7,21,229
1980,8,21,152
1980,9,21,134
1980,10,21,155
1980,11,21,107
1980,12,21,170
1980,1,22,123
1980,2,22,99
1980,3,22,130
1980,4,22,122
1980,5,22,244
1980,6,22,196
1980,7,22,201
1980,8,22,139
1980,9,22,147
1980,10,22,164
1980,11,22,119
1980,12,22,178
1980,1,23,124
1980,2,23,100
1980,3,23,149
1980,4,23,95
1980,5,23,246
1980,6,23,190
1980,7,23,184
1980,8,23,154
1980,9,23,158
1980,10,23,140
1980,11,23,112
1980,12,23,177
1980,1,24,120
1980,2,24,116
1980,3,24,175
1980,4,24,112
1980,5,24,256
1980,6,24,193
1980,7,24,155
1980,8,24,122
1980,9,24,178
1980,10,24,127
1980,11,24,128
1980,12,24,191
1980,1,25,107
1980,2,25,121
1980,3,25,176
1980,4,25,133
1980,5,25,229
1980,6,25,179
1980,7,25,151
1980,8,25,109
1980,9,25,168
1980,10,25,118
1980,11,25,127
1980,12,25,200
1980,1,26,127
1980,2,26,152
1980,3,26,191
1980,4,26,159
1980,5,26,220
1980,6,26,166
1980,7,26,138
1980,8,26,101
1980,9,26,209
1980,10,26,119
1980,11,26,140
1980,12,26,208
1980,1,27,120
1980,2,27,175
1980,3,27,205
1980,4,27,150
1980,5,27,223
1980,6,27,185
1980,7,27,117
1980,8,27,98
1980,9,27,231
1980,10,27,134
1980,11,27,168
1980,12,27,206
1980,1,28,130
1980,2,28,197
1980,3,28,221
1980,4,28,149
1980,5,28,190
1980,6,28,188
1980,7,28,127
1980,8,28,124
1980,9,28,181
1980,10,28,136
1980,11,28,167
1980,12,28,206
1980,1,29,122
1980,2,29,181
1980,3,29,191
1980,4,29,145
1980,5,29,185
1980,6,29,149
1980,7,29,118
1980,8,29,158
1980,9,29,166
1980,10,29,173
1980,11,29,148
1980,12,29,208
1980,1,30,145
1980,3,30,182
1980,4,30,138
1980,5,30,150
1980,6,30,97
1980,7,30,108
1980,8,30,184
1980,9,30,149
1980,10,30,184
1980,11,30,153
1980,12,30,187
1980,1,31,164
1980,3,31,174
1980,5,31,138
1980,7,31,81
1980,8,31,194
1980,10,31,178
1980,12,31,182
1981,1,1,159
1981,2,1,148
1981,3,1,161
1981,4,1,153
1981,5,1,112
1981,6,1,62
1981,7,1,149
1981,8,1,121
1981,9,1,205
1981,10,1,216
1981,11,1,165
1981,12,1,193
1981,1,2,141
1981,2,2,132
1981,3,2,182
1981,4,2,170
1981,5,2,133
1981,6,2,59
1981,7,2,140
1981,8,2,105
1981,9,2,183
1981,10,2,206
1981,11,2,222
1981,12,2,197
1981,1,3,122
1981,2,3,150
1981,3,3,169
1981,4,3,148
1981,5,3,156
1981,6,3,44
1981,7,3,140
1981,8,3,112
1981,9,3,160
1981,10,3,219
1981,11,3,218
1981,12,3,212
1981,1,4,113
1981,2,4,126
1981,3,4,173
1981,4,4,151
1981,5,4,152
1981,6,4,58
1981,7,4,112
1981,8,4,109
1981,9,4,170
1981,10,4,189
1981,11,4,221
1981,12,4,212
1981,1,5,94
1981,2,5,133
1981,3,5,141
1981,4,5,146
1981,5,5,162
1981,6,5,55
1981,7,5,112
1981,8,5,113
1981,9,5,195
1981,10,5,195
1981,11,5,233
1981,12,5,219
1981,1,6,71
1981,2,6,172
1981,3,6,147
1981,4,6,132
1981,5,6,192
1981,6,6,57
1981,7,6,85
1981,8,6,102
1981,9,6,220
1981,10,6,169
1981,11,6,199
1981,12,6,234
1981,1,7,95
1981,2,7,158
1981,3,7,130
1981,4,7,152
1981,5,7,171
1981,6,7,58
1981,7,7,66
1981,8,7,107
1981,9,7,205
1981,10,7,171
1981,11,7,192
1981,12,7,244
1981,1,8,108
1981,2,8,129
1981,3,8,142
1981,4,8,195
1981,5,8,177
1981,6,8,46
1981,7,8,62
1981,8,8,115
1981,9,8,208
1981,10,8,185
1981,11,8,184
1981,12,8,249
1981,1,9,126
1981,2,9,124
1981,3,9,124
1981,4,9,199
1981,5,9,168
1981,6,9,58
1981,7,9,65
1981,8,9,121
1981,9,9,190
1981,10,9,177
1981,11,9,134
1981,12,9,258
1981,1,10,120
1981,2,10,157
1981,3,10,127
1981,4,10,199
1981,5,10,148
1981,6,10,59
1981,7,10,99
1981,8,10,138
1981,9,10,196
1981,10,10,144
1981,11,10,147
1981,12,10,253
1981,1,11,123
1981,2,11,172
1981,3,11,130
1981,4,11,200
1981,5,11,169
1981,6,11,72
1981,7,11,130
1981,8,11,136
1981,9,11,164
1981,10,11,131
1981,11,11,146
1981,12,11,263
1981,1,12,126
1981,2,12,185
1981,3,12,128
1981,4,12,193
1981,5,12,183
1981,6,12,79
1981,7,12,139
1981,8,12,140
1981,9,12,138
1981,10,12,123
1981,11,12,160
1981,12,12,240
1981,1,13,123
1981,2,13,143
1981,3,13,127
1981,4,13,197
1981,5,13,149
1981,6,13,86
1981,7,13,153
1981,8,13,134
1981,9,13,132
1981,10,13,171
1981,11,13,158
1981,12,13,185
1981,1,14,106
1981,2,14,142
1981,3,14,128
1981,4,14,180
1981,5,14,140
1981,6,14,99
1981,7,14,145
1981,8,14,140
1981,9,14,148
1981,10,14,187
1981,11,14,178
1981,12,14,159
1981,1,15,106
1981,2,15,124
1981,3,15,110
1981,4,15,212
1981,5,15,141
1981,6,15,111
1981,7,15,150
1981,8,15,153
1981,9,15,129
1981,10,15,212
1981,11,15,139
1981,12,15,113
1981,1,16,81
1981,2,16,129
1981,3,16,128
1981,4,16,197
1981,5,16,127
1981,6,16,109
1981,7,16,161
1981,8,16,134
1981,9,16,138
1981,10,16,223
1981,11,16,126
1981,12,16,66
1981,1,17,72
1981,2,17,120
1981,3,17,109
1981,4,17,213
1981,5,17,124
1981,6,17,119
1981,7,17,171
1981,8,17,125
1981,9,17,129
1981,10,17,219
1981,11,17,103
1981,12,17,80
1981,1,18,79
1981,2,18,131
1981,3,18,95
1981,4,18,214
1981,5,18,119
1981,6,18,104
1981,7,18,161
1981,8,18,148
1981,9,18,145
1981,10,18,210
1981,11,18,108
1981,12,18,79
1981,1,19,78
1981,2,19,138
1981,3,19,95
1981,4,19,203
1981,5,19,100
1981,6,19,90
1981,7,19,151
1981,8,19,175
1981,9,19,156
1981,10,19,189
1981,11,19,90
1981,12,19,74
1981,1,20,88
1981,2,20,133
1981,3,20,120
1981,4,20,199
1981,5,20,77
1981,6,20,71
1981,7,20,145
1981,8,20,188
1981,9,20,137
1981,10,20,183
1981,11,20,82
1981,12,20,57
1981,1,21,99
1981,2,21,131
1981,3,21,135
1981,4,21,154
1981,5,21,99
1981,6,21,87
1981,7,21,122
1981,8,21,222
1981,9,21,175
1981,10,21,145
1981,11,21,82
1981,12,21,65
1981,1,22,99
1981,2,22,128
1981,3,22,134
1981,4,22,122
1981,5,22,106
1981,6,22,106
1981,7,22,129
1981,8,22,220
1981,9,22,172
1981,10,22,145
1981,11,22,73
1981,12,22,75
1981,1,23,115
1981,2,23,98
1981,3,23,130
1981,4,23,103
1981,5,23,93
1981,6,23,119
1981,7,23,162
1981,8,23,200
1981,9,23,137
1981,10,23,118
1981,11,23,65
1981,12,23,86
1981,1,24,113
1981,2,24,124
1981,3,24,125
1981,4,24,92
1981,5,24,96
1981,6,24,109
1981,7,24,196
1981,8,24,178
1981,9,24,135
1981,10,24,109
1981,11,24,59
1981,12,24,68
1981,1,25,115
1981,2,25,137
1981,3,25,142
1981,4,25,119
1981,5,25,93
1981,6,25,127
1981,7,25,213
1981,8,25,189
1981,9,25,142
1981,10,25,101
1981,11,25,60
1981,12,25,62
1981,1,26,120
1981,2,26,148
1981,3,26,133
1981,4,26,90
1981,5,26,105
1981,6,26,127
1981,7,26,206
1981,8,26,215
1981,9,26,153
1981,10,26,92
1981,11,26,60
1981,12,26,100
1981,1,27,135
1981,2,27,175
1981,3,27,126
1981,4,27,81
1981,5,27,99
1981,6,27,133
1981,7,27,218
1981,8,27,222
1981,9,27,181
1981,10,27,75
1981,11,27,77
1981,12,27,104
1981,1,28,142
1981,2,28,170
1981,3,28,165
1981,4,28,72
1981,5,28,93
1981,6,28,123
1981,7,28,208
1981,8,28,214
1981,9,28,195
1981,10,28,92
1981,11,28,130
1981,12,28,136
1981,1,29,165
1981,3,29,160
1981,4,29,100
1981,5,29,92
1981,6,29,138
1981,7,29,159
1981,8,29,194
1981,9,29,191
1981,10,29,131
1981,11,29,148
1981,12,29,132
1981,1,30,158
1981,3,30,152
1981,4,30,106
1981,5,30,83
1981,6,30,161
1981,7,30,156
1981,8,30,233
1981,9,30,190
1981,10,30,152
1981,11,30,165
1981,12,30,112
1981,1,31,143
1981,3,31,132
1981,5,31,92
1981,7,31,152
1981,8,31,216
1981,10,31,156
1981,12,31,126
1982,1,1,92
1982,2,1,258
1982,3,1,168
1982,4,1,145
1982,5,1,63
1982,6,1,70
1982,7,1,50
1982,8,1,55
1982,9,1,115
1982,10,1,132
1982,11,1,80
1982,12,1,88
1982,1,2,94
1982,2,2,241
1982,3,2,174
1982,4,2,115
1982,5,2,57
1982,6,2,83
1982,7,2,41
1982,8,2,68
1982,9,2,124
1982,10,2,164
1982,11,2,88
1982,12,2,125
1982,1,3,112
1982,2,3,232
1982,3,3,175
1982,4,3,151
1982,5,3,46
1982,6,3,94
1982,7,3,33
1982,8,3,68
1982,9,3,146
1982,10,3,143
1982,11,3,75
1982,12,3,132
1982,1,4,109
1982,2,4,221
1982,3,4,177
1982,4,4,137
1982,5,4,58
1982,6,4,104
1982,7,4,42
1982,8,4,81
1982,9,4,176
1982,10,4,120
1982,11,4,100
1982,12,4,137
1982,1,5,112
1982,2,5,219
1982,3,5,163
1982,4,5,112
1982,5,5,63
1982,6,5,111
1982,7,5,39
1982,8,5,97
1982,9,5,160
1982,10,5,109
1982,11,5,100
1982,12,5,137
1982,1,6,86
1982,2,6,230
1982,3,6,165
1982,4,6,117
1982,5,6,64
1982,6,6,108
1982,7,6,32
1982,8,6,128
1982,9,6,141
1982,10,6,55
1982,11,6,76
1982,12,6,174
1982,1,7,94
1982,2,7,226
1982,3,7,146
1982,4,7,130
1982,5,7,69
1982,6,7,115
1982,7,7,33
1982,8,7,144
1982,9,7,117
1982,10,7,54
1982,11,7,98
1982,12,7,175
1982,1,8,97
1982,2,8,232
1982,3,8,140
1982,4,8,131
1982,5,8,89
1982,6,8,127
1982,7,8,42
1982,8,8,150
1982,9,8,115
1982,10,8,55
1982,11,8,86
1982,12,8,184
1982,1,9,98
1982,2,9,211
1982,3,9,116
1982,4,9,132
1982,5,9,47
1982,6,9,142
1982,7,9,61
1982,8,9,161
1982,9,9,94
1982,10,9,54
1982,11,9,102
1982,12,9,152
1982,1,10,85
1982,2,10,181
1982,3,10,122
1982,4,10,138
1982,5,10,53
1982,6,10,147
1982,7,10,110
1982,8,10,155
1982,9,10,81
1982,10,10,88
1982,11,10,109
1982,12,10,166
1982,1,11,46
1982,2,11,158
1982,3,11,119
1982,4,11,152
1982,5,11,58
1982,6,11,138
1982,7,11,146
1982,8,11,157
1982,9,11,86
1982,10,11,87
1982,11,11,112
1982,12,11,171
1982,1,12,52
1982,2,12,156
1982,3,12,135
1982,4,12,142
1982,5,12,75
1982,6,12,144
1982,7,12,187
1982,8,12,138
1982,9,12,78
1982,10,12,92
1982,11,12,83
1982,12,12,194
1982,1,13,51
1982,2,13,162
1982,3,13,155
1982,4,13,133
1982,5,13,78
1982,6,13,139
1982,7,13,219
1982,8,13,113
1982,9,13,81
1982,10,13,98
1982,11,13,98
1982,12,13,172
1982,1,14,58
1982,2,14,142
1982,3,14,153
1982,4,14,136
1982,5,14,58
1982,6,14,137
1982,7,14,222
1982,8,14,100
1982,9,14,104
1982,10,14,88
1982,11,14,116
1982,12,14,160
1982,1,15,81
1982,2,15,134
1982,3,15,140
1982,4,15,127
1982,5,15,52
1982,6,15,125
1982,7,15,246
1982,8,15,100
1982,9,15,129
1982,10,15,71
1982,11,15,116
1982,12,15,166
1982,1,16,76
1982,2,16,111
1982,3,16,156
1982,4,16,122
1982,5,16,69
1982,6,16,128
1982,7,16,263
1982,8,16,86
1982,9,16,133
1982,10,16,65
1982,11,16,100
1982,12,16,140
1982,1,17,111
1982,2,17,120
1982,3,17,180
1982,4,17,108
1982,5,17,76
1982,6,17,136
1982,7,17,272
1982,8,17,93
1982,9,17,127
1982,10,17,54
1982,11,17,108
1982,12,17,118
1982,1,18,139
1982,2,18,103
1982,3,18,168
1982,4,18,91
1982,5,18,89
1982,6,18,134
1982,7,18,270
1982,8,18,105
1982,9,18,107
1982,10,18,33
1982,11,18,117
1982,12,18,102
1982,1,19,143
1982,2,19,107
1982,3,19,167
1982,4,19,87
1982,5,19,110
1982,6,19,134
1982,7,19,234
1982,8,19,97
1982,9,19,117
1982,10,19,56
1982,11,19,122
1982,12,19,79
1982,1,20,134
1982,2,20,119
1982,3,20,160
1982,4,20,93
1982,5,20,112
1982,6,20,139
1982,7,20,192
1982,8,20,77
1982,9,20,104
1982,10,20,70
1982,11,20,118
1982,12,20,63
1982,1,21,134
1982,2,21,120
1982,3,21,153
1982,4,21,91
1982,5,21,98
1982,6,21,143
1982,7,21,138
1982,8,21,79
1982,9,21,102
1982,10,21,95
1982,11,21,131
1982,12,21,87
1982,1,22,121
1982,2,22,100
1982,3,22,146
1982,4,22,109
1982,5,22,121
1982,6,22,146
1982,7,22,99
1982,8,22,90
1982,9,22,95
1982,10,22,100
1982,11,22,141
1982,12,22,88
1982,1,23,93
1982,2,23,97
1982,3,23,144
1982,4,23,138
1982,5,23,107
1982,6,23,116
1982,7,23,74
1982,8,23,71
1982,9,23,97
1982,10,23,128
1982,11,23,120
1982,12,23,96
1982,1,24,70
1982,2,24,120
1982,3,24,122
1982,4,24,145
1982,5,24,110
1982,6,24,112
1982,7,24,27
1982,8,24,79
1982,9,24,109
1982,10,24,145
1982,11,24,96
1982,12,24,100
1982,1,25,82
1982,2,25,128
1982,3,25,152
1982,4,25,149
1982,5,25,88
1982,6,25,92
1982,7,25,25
1982,8,25,101
1982,9,25,118
1982,10,25,142
1982,11,25,75
1982,12,25,122
1982,1,26,119
1982,2,26,136
1982,3,26,147
1982,4,26,150
1982,5,26,117
1982,6,26,94
1982,7,26,29
1982,8,26,98
1982,9,26,138
1982,10,26,135
1982,11,26,73
1982,12,26,116
1982,1,27,125
1982,2,27,154
1982,3,27,182
1982,4,27,126
1982,5,27,130
1982,6,27,49
1982,7,27,22
1982,8,27,115
1982,9,27,133
1982,10,27,131
1982,11,27,71
1982,12,27,126
1982,1,28,168
1982,2,28,163
1982,3,28,179
1982,4,28,90
1982,5,28,119
1982,6,28,36
1982,7,28,19
1982,8,28,132
1982,9,28,132
1982,10,28,103
1982,11,28,74
1982,12,28,120
1982,1,29,216
1982,3,29,169
1982,4,29,85
1982,5,29,112
1982,6,29,32
1982,7,29,23
1982,8,29,134
1982,9,29,144
1982,10,29,101
1982,11,29,82
1982,12,29,98
1982,1,30,211
1982,3,30,162
1982,4,30,79
1982,5,30,77
1982,6,30,38
1982,7,30,38
1982,8,30,144
1982,9,30,160
1982,10,30,96
1982,11,30,76
1982,12,30,79
1982,1,31,237
1982,3,31,132
1982,5,31,82
1982,7,31,60
1982,8,31,120
1982,10,31,73
1982,12,31,69
1983,1,1,60
1983,2,1,103
1983,3,1,109
1983,4,1,53
1983,5,1,114
1983,6,1,61
1983,7,1,62
1983,8,1,131
1983,9,1,46
1983,10,1,29
1983,11,1,17
1983,12,1,26
1983,1,2,65
1983,2,2,85
1983,3,2,93
1983,4,2,70
1983,5,2,104
1983,6,2,72
1983,7,2,59
1983,8,2,128
1983,9,2,56
1983,10,2,51
1983,11,2,22
1983,12,2,23
1983,1,3,55
1983,2,3,88
1983,3,3,86
1983,4,3,61
1983,5,3,94
1983,6,3,73
1983,7,3,61
1983,8,3,105
1983,9,3,59
1983,10,3,63
1983,11,3,37
1983,12,3,15
1983,1,4,63
1983,2,4,94
1983,3,4,93
1983,4,4,53
1983,5,4,85
1983,6,4,68
1983,7,4,87
1983,8,4,103
1983,9,4,69
1983,10,4,74
1983,11,4,51
1983,12,4,14
1983,1,5,82
1983,2,5,82
1983,3,5,113
1983,4,5,36
1983,5,5,95
1983,6,5,77
1983,7,5,80
1983,8,5,79
1983,9,5,84
1983,10,5,65
1983,11,5,66
1983,12,5,17
1983,1,6,103
1983,2,6,71
1983,3,6,88
1983,4,6,49
1983,5,6,88
1983,6,6,85
1983,7,6,79
1983,8,6,49
1983,9,6,78
1983,10,6,75
1983,11,6,74
1983,12,6,39
1983,1,7,109
1983,2,7,72
1983,3,7,77
1983,4,7,64
1983,5,7,92
1983,6,7,104
1983,7,7,79
1983,8,7,60
1983,9,7,72
1983,10,7,87
1983,11,7,84
1983,12,7,41
1983,1,8,126
1983,2,8,63
1983,3,8,68
1983,4,8,59
1983,5,8,98
1983,6,8,100
1983,7,8,82
1983,8,8,70
1983,9,8,68
1983,10,8,99
1983,11,8,90
1983,12,8,48
1983,1,9,100
1983,2,9,39
1983,3,9,74
1983,4,9,59
1983,5,9,110
1983,6,9,100
1983,7,9,69
1983,8,9,69
1983,9,9,74
1983,10,9,106
1983,11,9,70
1983,12,9,71
1983,1,10,83
1983,2,10,26
1983,3,10,55
1983,4,10,64
1983,5,10,114
1983,6,10,86
1983,7,10,59
1983,8,10,63
1983,9,10,70
1983,10,10,121
1983,11,10,68
1983,12,10,82
1983,1,11,90
1983,2,11,21
1983,3,11,49
1983,4,11,69
1983,5,11,101
1983,6,11,73
1983,7,11,68
1983,8,11,88
1983,9,11,65
1983,10,11,136
1983,11,11,56
1983,12,11,76
1983,1,12,77
1983,2,12,18
1983,3,12,32
1983,4,12,65
1983,5,12,114
1983,6,12,66
1983,7,12,86
1983,8,12,103
1983,9,12,41
1983,10,12,122
1983,11,12,43
1983,12,12,66
1983,1,13,89
1983,2,13,11
1983,3,13,12
1983,4,13,64
1983,5,13,132
1983,6,13,72
1983,7,13,85
1983,8,13,104
1983,9,13,36
1983,10,13,100
1983,11,13,36
1983,12,13,66
1983,1,14,92
1983,2,14,10
1983,3,14,24
1983,4,14,64
1983,5,14,125
1983,6,14,88
1983,7,14,88
1983,8,14,97
1983,9,14,36
1983,10,14,80
1983,11,14,29
1983,12,14,52
1983,1,15,77
1983,2,15,24
1983,3,15,44
1983,4,15,53
1983,5,15,130
1983,6,15,92
1983,7,15,92
1983,8,15,93
1983,9,15,42
1983,10,15,72
1983,11,15,28
1983,12,15,50
1983,1,16,89
1983,2,16,17
1983,3,16,63
1983,4,16,54
1983,5,16,99
1983,6,16,84
1983,7,16,93
1983,8,16,80
1983,9,16,33
1983,10,16,61
1983,11,16,38
1983,12,16,35
1983,1,17,102
1983,2,17,22
1983,3,17,74
1983,4,17,63
1983,5,17,93
1983,6,17,79
1983,7,17,96
1983,8,17,72
1983,9,17,35
1983,10,17,60
1983,11,17,31
1983,12,17,46
1983,1,18,86
1983,2,18,32
1983,3,18,88
1983,4,18,75
1983,5,18,99
1983,6,18,78
1983,7,18,98
1983,8,18,71
1983,9,18,45
1983,10,18,63
1983,11,18,36
1983,12,18,36
1983,1,19,93
1983,2,19,33
1983,3,19,82
1983,4,19,110
1983,5,19,88
1983,6,19,103
1983,7,19,96
1983,8,19,54
1983,9,19,40
1983,10,19,46
1983,11,19,26
1983,12,19,31
1983,1,20,81
1983,2,20,32
1983,3,20,82
1983,4,20,90
1983,5,20,105
1983,6,20,117
1983,7,20,101
1983,8,20,40
1983,9,20,32
1983,10,20,26
1983,11,20,12
1983,12,20,25
1983,1,21,74
1983,2,21,39
1983,3,21,87
1983,4,21,87
1983,5,21,110
1983,6,21,117
1983,7,21,109
1983,8,21,52
1983,9,21,36
1983,10,21,18
1983,11,21,18
1983,12,21,21
1983,1,22,73
1983,2,22,33
1983,3,22,70
1983,4,22,83
1983,5,22,104
1983,6,22,136
1983,7,22,114
1983,8,22,50
1983,9,22,38
1983,10,22,22
1983,11,22,0
1983,12,22,15
1983,1,23,59
1983,2,23,40
1983,3,23,66
1983,4,23,91
1983,5,23,102
1983,6,23,143
1983,7,23,95
1983,8,23,51
1983,9,23,42
1983,10,23,22
1983,11,23,0
1983,12,23,20
1983,1,24,58
1983,2,24,50
1983,3,24,60
1983,4,24,92
1983,5,24,111
1983,6,24,122
1983,7,24,105
1983,8,24,35
1983,9,24,46
1983,10,24,20
1983,11,24,0
1983,12,24,22
1983,1,25,75
1983,2,25,67
1983,3,25,48
1983,4,25,123
1983,5,25,98
1983,6,25,122
1983,7,25,85
1983,8,25,52
1983,9,25,42
1983,10,25,18
1983,11,25,0
1983,12,25,21
1983,1,26,77
1983,2,26,70
1983,3,26,70
1983,4,26,118
1983,5,26,100
1983,6,26,110
1983,7,26,58
1983,8,26,53
1983,9,26,50
1983,10,26,20
1983,11,26,7
1983,12,26,23
1983,1,27,75
1983,2,27,88
1983,3,27,72
1983,4,27,126
1983,5,27,85
1983,6,27,92
1983,7,27,49
1983,8,27,51
1983,9,27,51
1983,10,27,12
1983,11,27,10
1983,12,27,12
1983,1,28,89
1983,2,28,98
1983,3,28,48
1983,4,28,146
1983,5,28,68
1983,6,28,83
1983,7,28,40
1983,8,28,55
1983,9,28,48
1983,10,28,15
1983,11,28,12
1983,12,28,10
1983,1,29,99
1983,3,29,44
1983,4,29,142
1983,5,29,88
1983,6,29,68
1983,7,29,73
1983,8,29,63
1983,9,29,43
1983,10,29,16
1983,11,29,19
1983,12,29,11
1983,1,30,101
1983,3,30,54
1983,4,30,137
1983,5,30,68
1983,6,30,63
1983,7,30,89
1983,8,30,59
1983,9,30,33
1983,10,30,15
1983,11,30,21
1983,12,30,13
1983,1,31,110
1983,3,31,37
1983,5,31,60
1983,7,31,110
1983,8,31,45
1983,10,31,16
1983,12,31,9
1984,1,1,10
1984,2,1,110
1984,3,1,74
1984,4,1,103
1984,5,1,109
1984,6,1,48
1984,7,1,33
1984,8,1,14
1984,9,1,45
1984,10,1,7
1984,11,1,16
1984,12,1,19
1984,1,2,16
1984,2,2,82
1984,3,2,78
1984,4,2,94
1984,5,2,89
1984,6,2,44
1984,7,2,36
1984,8,2,17
1984,9,2,50
1984,10,2,8
1984,11,2,14
1984,12,2,22
1984,1,3,17
1984,2,3,67
1984,3,3,66
1984,4,3,88
1984,5,3,69
1984,6,3,45
1984,7,3,61
1984,8,3,19
1984,9,3,61
1984,10,3,11
1984,11,3,11
1984,12,3,19
1984,1,4,18
1984,2,4,61
1984,3,4,54
1984,4,4,81
1984,5,4,52
1984,6,4,34
1984,7,4,80
1984,8,4,25
1984,9,4,58
1984,10,4,11
1984,11,4,14
1984,12,4,19
1984,1,5,21
1984,2,5,66
1984,3,5,65
1984,4,5,61
1984,5,5,38
1984,6,5,30
1984,7,5,72
1984,8,5,18
1984,9,5,53
1984,10,5,0
1984,11,5,12
1984,12,5,16
1984,1,6,29
1984,2,6,76
1984,3,6,49
1984,4,6,70
1984,5,6,27
1984,6,6,23
1984,7,6,61
1984,8,6,24
1984,9,6,32
1984,10,6,0
1984,11,6,0
1984,12,6,21
1984,1,7,37
1984,2,7,79
1984,3,7,51
1984,4,7,50
1984,5,7,35
1984,6,7,34
1984,7,7,64
1984,8,7,27
1984,9,7,21
1984,10,7,0
1984,11,7,11
1984,12,7,18
1984,1,8,38
1984,2,8,94
1984,3,8,64
1984,4,8,33
1984,5,8,54
1984,6,8,31
1984,7,8,74
1984,8,8,32
1984,9,8,20
1984,10,8,12
1984,11,8,13
1984,12,8,23
1984,1,9,50
1984,2,9,115
1984,3,9,60
1984,4,9,36
1984,5,9,72
1984,6,9,26
1984,7,9,63
1984,8,9,35
1984,9,9,13
1984,10,9,14
1984,11,9,13
1984,12,9,21
1984,1,10,44
1984,2,10,123
1984,3,10,46
1984,4,10,12
1984,5,10,85
1984,6,10,31
1984,7,10,74
1984,8,10,31
1984,9,10,10
1984,10,10,17
1984,11,10,21
1984,12,10,15
1984,1,11,48
1984,2,11,118
1984,3,11,65
1984,4,11,21
1984,5,11,94
1984,6,11,37
1984,7,11,57
1984,8,11,29
1984,9,11,9
1984,10,11,22
1984,11,11,27
1984,12,11,28
1984,1,12,51
1984,2,12,108
1984,3,12,72
1984,4,12,28
1984,5,12,100
1984,6,12,39
1984,7,12,54
1984,8,12,31
1984,9,12,9
1984,10,12,16
1984,11,12,21
1984,12,12,29
1984,1,13,48
1984,2,13,82
1984,3,13,79
1984,4,13,24
1984,5,13,118
1984,6,13,41
1984,7,13,44
1984,8,13,28
1984,9,13,9
1984,10,13,10
1984,11,13,16
1984,12,13,28
1984,1,14,46
1984,2,14,77
1984,3,14,88
1984,4,14,32
1984,5,14,111
1984,6,14,50
1984,7,14,34
1984,8,14,27
1984,9,14,0
1984,10,14,9
1984,11,14,15
1984,12,14,28
1984,1,15,44
1984,2,15,80
1984,3,15,112
1984,4,15,59
1984,5,15,85
1984,6,15,80
1984,7,15,30
1984,8,15,23
1984,9,15,8
1984,10,15,14
1984,11,15,13
1984,12,15,26
1984,1,16,46
1984,2,16,53
1984,3,16,117
1984,4,16,60
1984,5,16,97
1984,6,16,83
1984,7,16,25
1984,8,16,23
1984,9,16,12
1984,10,16,19
1984,11,16,11
1984,12,16,30
1984,1,17,51
1984,2,17,51
1984,3,17,105
1984,4,17,56
1984,5,17,83
1984,6,17,73
1984,7,17,21
1984,8,17,18
1984,9,17,0
1984,10,17,24
1984,11,17,11
1984,12,17,24
1984,1,18,49
1984,2,18,50
1984,3,18,95
1984,4,18,73
1984,5,18,70
1984,6,18,62
1984,7,18,26
1984,8,18,17
1984,9,18,0
1984,10,18,25
1984,11,18,14
1984,12,18,12
1984,1,19,51
1984,2,19,54
1984,3,19,90
1984,4,19,82
1984,5,19,74
1984,6,19,51
1984,7,19,22
1984,8,19,11
1984,9,19,10
1984,10,19,25
1984,11,19,13
1984,12,19,11
1984,1,20,69
1984,2,20,54
1984,3,20,103
1984,4,20,69
1984,5,20,70
1984,6,20,53
1984,7,20,18
1984,8,20,16
1984,9,20,0
1984,10,20,17
1984,11,20,27
1984,12,20,11
1984,1,21,76
1984,2,21,76
1984,3,21,98
1984,4,21,68
1984,5,21,65
1984,6,21,43
1984,7,21,12
1984,8,21,12
1984,9,21,9
1984,10,21,19
1984,11,21,36
1984,12,21,14
1984,1,22,64
1984,2,22,100
1984,3,22,87
1984,4,22,55
1984,5,22,77
1984,6,22,48
1984,7,22,22
1984,8,22,10
1984,9,22,10
1984,10,22,12
1984,11,22,36
1984,12,22,12
1984,1,23,70
1984,2,23,121
1984,3,23,89
1984,4,23,59
1984,5,23,83
1984,6,23,54
1984,7,23,25
1984,8,23,19
1984,9,23,8
1984,10,23,11
1984,11,23,41
1984,12,23,11
1984,1,24,70
1984,2,24,117
1984,3,24,80
1984,4,24,80
1984,5,24,86
1984,6,24,58
1984,7,24,38
1984,8,24,24
1984,9,24,8
1984,10,24,9
1984,11,24,47
1984,12,24,16
1984,1,25,99
1984,2,25,117
1984,3,25,97
1984,4,25,99
1984,5,25,75
1984,6,25,44
1984,7,25,30
1984,8,25,36
1984,9,25,7
1984,10,25,10
1984,11,25,59
1984,12,25,21
1984,1,26,105
1984,2,26,101
1984,3,26,97
1984,4,26,124
1984,5,26,87
1984,6,26,49
1984,7,26,25
1984,8,26,49
1984,9,26,0
1984,10,26,10
1984,11,26,44
1984,12,26,20
1984,1,27,99
1984,2,27,78
1984,3,27,96
1984,4,27,121
1984,5,27,86
1984,6,27,40
1984,7,27,9
1984,8,27,41
1984,9,27,0
1984,10,27,8
1984,11,27,39
1984,12,27,14
1984,1,28,106
1984,2,28,78
1984,3,28,98
1984,4,28,125
1984,5,28,69
1984,6,28,41
1984,7,28,9
1984,8,28,37
1984,9,28,0
1984,10,28,0
1984,11,28,39
1984,12,28,16
1984,1,29,110
1984,2,29,88
1984,3,29,94
1984,4,29,120
1984,5,29,74
1984,6,29,50
1984,7,29,12
1984,8,29,34
1984,9,29,0
1984,10,29,8
1984,11,29,30
1984,12,29,15
1984,1,30,102
1984,3,30,107
1984,4,30,107
1984,5,30,70
1984,6,30,42
1984,7,30,16
1984,8,30,27
1984,9,30,8
1984,10,30,11
1984,11,30,20
1984,12,30,10
1984,1,31,82
1984,3,31,113
1984,5,31,63
1984,7,31,12
1984,8,31,36
1984,10,31,14
1984,12,31,10
1985,1,1,0
1985,2,1,18
1985,3,1,13
1985,4,1,25
1985,5,1,19
1985,6,1,10
1985,7,1,21
1985,8,1,35
1985,9,1,7
1985,10,1,0
1985,11,1,0
1985,12,1,0
1985,1,2,0
1985,2,2,22
1985,3,2,13
1985,4,2,21
1985,5,2,15
1985,6,2,0
1985,7,2,27
1985,8,2,25
1985,9,2,0
1985,10,2,0
1985,11,2,0
1985,12,2,16
1985,1,3,0
1985,2,3,25
1985,3,3,9
1985,4,3,23
1985,5,3,14
1985,6,3,11
1985,7,3,30
1985,8,3,27
1985,9,3,0
1985,10,3,0
1985,11,3,0
1985,12,3,13
1985,1,4,0
1985,2,4,22
1985,3,4,0
1985,4,4,17
1985,5,4,18
1985,6,4,26
1985,7,4,32
1985,8,4,27
1985,9,4,0
1985,10,4,0
1985,11,4,0
1985,12,4,0
1985,1,5,0
1985,2,5,20
1985,3,5,0
1985,4,5,23
1985,5,5,16
1985,6,5,35
1985,7,5,38
1985,8,5,20
1985,9,5,0
1985,10,5,0
1985,11,5,16
1985,12,5,18
1985,1,6,0
1985,2,6,16
1985,3,6,0
1985,4,6,19
1985,5,6,14
1985,6,6,37
1985,7,6,43
1985,8,6,14
1985,9,6,0
1985,10,6,0
1985,11,6,19
1985,12,6,26
1985,1,7,0
1985,2,7,7
1985,3,7,0
1985,4,7,11
1985,5,7,32
1985,6,7,38
1985,7,7,71
1985,8,7,12
1985,9,7,0
1985,10,7,0
1985,11,7,19
1985,12,7,15
1985,1,8,11
1985,2,8,16
1985,3,8,14
1985,4,8,9
1985,5,8,44
1985,6,8,42
1985,7,8,67
1985,8,8,12
1985,9,8,0
1985,10,8,0
1985,11,8,18
1985,12,8,12
1985,1,9,14
1985,2,9,24
1985,3,9,15
1985,4,9,9
1985,5,9,56
1985,6,9,42
1985,7,9,82
1985,8,9,17
1985,9,9,0
1985,10,9,0
1985,11,9,25
1985,12,9,16
1985,1,10,0
1985,2,10,19
1985,3,10,13
1985,4,10,0
1985,5,10,49
1985,6,10,58
1985,7,10,82
1985,8,10,12
1985,9,10,0
1985,10,10,0
1985,11,10,15
1985,12,10,15
1985,1,11,0
1985,2,11,13
1985,3,11,16
1985,4,11,0
1985,5,11,49
1985,6,11,66
1985,7,11,61
1985,8,11,12
1985,9,11,7
1985,10,11,0
1985,11,11,17
1985,12,11,18
1985,1,12,13
1985,2,12,10
1985,3,12,18
1985,4,12,0
1985,5,12,33
1985,6,12,54
1985,7,12,45
1985,8,12,12
1985,9,12,0
1985,10,12,0
1985,11,12,19
1985,12,12,19
1985,1,13,16
1985,2,13,11
1985,3,13,14
1985,4,13,0
1985,5,13,32
1985,6,13,45
1985,7,13,25
1985,8,13,0
1985,9,13,9
1985,10,13,11
1985,11,13,30
1985,12,13,18
1985,1,14,26
1985,2,14,13
1985,3,14,10
1985,4,14,10
1985,5,14,32
1985,6,14,36
1985,7,14,9
1985,8,14,0
1985,9,14,9
1985,10,14,13
1985,11,14,44
1985,12,14,30
1985,1,15,25
1985,2,15,11
1985,3,15,0
1985,4,15,0
1985,5,15,32
1985,6,15,37
1985,7,15,8
1985,8,15,0
1985,9,15,9
1985,10,15,15
1985,11,15,48
1985,12,15,47
1985,1,16,26
1985,2,16,10
1985,3,16,11
1985,4,16,0
1985,5,16,31
1985,6,16,27
1985,7,16,9
1985,8,16,14
1985,9,16,9
1985,10,16,25
1985,11,16,39
1985,12,16,66
1985,1,17,29
1985,2,17,12
1985,3,17,20
1985,4,17,0
1985,5,17,38
1985,6,17,23
1985,7,17,11
1985,8,17,12
1985,9,17,8
1985,10,17,19
1985,11,17,43
1985,12,17,63
1985,1,18,26
1985,2,18,10
1985,3,18,35
1985,4,18,10
1985,5,18,41
1985,6,18,18
1985,7,18,11
1985,8,18,11
1985,9,18,10
1985,10,18,20
1985,11,18,37
1985,12,18,52
1985,1,19,27
1985,2,19,19
1985,3,19,27
1985,4,19,9
1985,5,19,40
1985,6,19,10
1985,7,19,11
1985,8,19,12
1985,9,19,10
1985,10,19,31
1985,11,19,30
1985,12,19,40
1985,1,20,55
1985,2,20,27
1985,3,20,19
1985,4,20,11
1985,5,20,37
1985,6,20,9
1985,7,20,11
1985,8,20,10
1985,9,20,9
1985,10,20,44
1985,11,20,28
1985,12,20,24
1985,1,21,59
1985,2,21,27
1985,3,21,9
1985,4,21,17
1985,5,21,36
1985,6,21,9
1985,7,21,10
1985,8,21,9
1985,9,21,8
1985,10,21,50
1985,11,21,18
1985,12,21,17
1985,1,22,50
1985,2,22,25
1985,3,22,15
1985,4,22,31
1985,5,22,34
1985,6,22,9
1985,7,22,10
1985,8,22,0
1985,9,22,7
1985,10,22,72
1985,11,22,12
1985,12,22,11
1985,1,23,39
1985,2,23,16
1985,3,23,22
1985,4,23,28
1985,5,23,32
1985,6,23,12
1985,7,23,18
1985,8,23,0
1985,9,23,0
1985,10,23,67
1985,11,23,10
1985,12,23,0
1985,1,24,33
1985,2,24,11
1985,3,24,36
1985,4,24,30
1985,5,24,25
1985,6,24,13
1985,7,24,12
1985,8,24,0
1985,9,24,0
1985,10,24,63
1985,11,24,0
1985,12,24,0
1985,1,25,20
1985,2,25,11
1985,3,25,30
1985,4,25,37
1985,5,25,19
1985,6,25,12
1985,7,25,10
1985,8,25,0
1985,9,25,0
1985,10,25,55
1985,11,25,0
1985,12,25,0
1985,1,26,9
1985,2,26,11
1985,3,26,33
1985,4,26,37
1985,5,26,13
1985,6,26,10
1985,7,26,13
1985,8,26,8
1985,9,26,0
1985,10,26,40
1985,11,26,0
1985,12,26,0
1985,1,27,8
1985,2,27,10
1985,3,27,27
1985,4,27,31
1985,5,27,12
1985,6,27,8
1985,7,27,12
1985,8,27,8
1985,9,27,0
1985,10,27,27
1985,11,27,0
1985,12,27,0
1985,1,28,0
1985,2,28,9
1985,3,28,36
1985,4,28,27
1985,5,28,12
1985,6,28,8
1985,7,28,36
1985,8,28,10
1985,9,28,0
1985,10,28,14
1985,11,28,0
1985,12,28,0
1985,1,29,9
1985,3,29,25
1985,4,29,26
1985,5,29,10
1985,6,29,9
1985,7,29,51
1985,8,29,9
1985,9,29,7
1985,10,29,11
1985,11,29,0
1985,12,29,0
1985,1,30,0
1985,3,30,29
1985,4,30,26
1985,5,30,8
1985,6,30,11
1985,7,30,46
1985,8,30,8
1985,9,30,7
1985,10,30,0
1985,11,30,0
1985,12,30,0
1985,1,31,17
1985,3,31,23
1985,5,31,8
1985,7,31,40
1985,8,31,9
1985,10,31,0
1985,12,31,0
1986,1,1,0
1986,2,1,18
1986,3,1,16
1986,4,1,9
1986,5,1,15
1986,6,1,7
1986,7,1,0
1986,8,1,12
1986,9,1,9
1986,10,1,12
1986,11,1,44
1986,12,1,0
1986,1,2,0
1986,2,2,33
1986,3,2,33
1986,4,2,10
1986,5,2,26
1986,6,2,0
1986,7,2,0
1986,8,2,11
1986,9,2,9
1986,10,2,14
1986,11,2,35
1986,12,2,0
1986,1,3,0
1986,2,3,52
1986,3,3,34
1986,4,3,10
1986,5,3,15
1986,6,3,0
1986,7,3,11
1986,8,3,11
1986,9,3,8
1986,10,3,23
1986,11,3,37
1986,12,3,0
1986,1,4,0
1986,2,4,55
1986,3,4,32
1986,4,4,0
1986,5,4,12
1986,6,4,0
1986,7,4,14
1986,8,4,11
1986,9,4,8
1986,10,4,24
1986,11,4,37
1986,12,4,0
1986,1,5,0
1986,2,5,53
1986,3,5,33
1986,4,5,0
1986,5,5,10
1986,6,5,0
1986,7,5,18
1986,8,5,11
1986,9,5,0
1986,10,5,24
1986,11,5,35
1986,12,5,0
1986,1,6,0
1986,2,6,47
1986,3,6,33
1986,4,6,0
1986,5,6,0
1986,6,6,0
1986,7,6,29
1986,8,6,10
1986,9,6,11
1986,10,6,22
1986,11,6,31
1986,12,6,0
1986,1,7,0
1986,2,7,52
1986,3,7,38
1986,4,7,0
1986,5,7,0
1986,6,7,0
1986,7,7,29
1986,8,7,8
1986,9,7,13
1986,10,7,27
1986,11,7,24
1986,12,7,0
1986,1,8,0
1986,2,8,54
1986,3,8,29
1986,4,8,9
1986,5,8,0
1986,6,8,9
1986,7,8,29
1986,8,8,9
1986,9,8,12
1986,10,8,20
1986,11,8,15
1986,12,8,0
1986,1,9,0
1986,2,9,47
1986,3,9,22
1986,4,9,0
1986,5,9,0
1986,6,9,0
1986,7,9,17
1986,8,9,8
1986,9,9,10
1986,10,9,32
1986,11,9,10
1986,12,9,12
1986,1,10,0
1986,2,10,35
1986,3,10,20
1986,4,10,9
1986,5,10,0
1986,6,10,8
1986,7,10,36
1986,8,10,0
1986,9,10,8
1986,10,10,29
1986,11,10,9
1986,12,10,20
1986,1,11,0
1986,2,11,37
1986,3,11,18
1986,4,11,13
1986,5,11,0
1986,6,11,0
1986,7,11,39
1986,8,11,0
1986,9,11,8
1986,10,11,23
1986,11,11,9
1986,12,11,23
1986,1,12,0
1986,2,12,25
1986,3,12,13
1986,4,12,14
1986,5,12,0
1986,6,12,0
1986,7,12,36
1986,8,12,0
1986,9,12,0
1986,10,12,26
1986,11,12,0
1986,12,12,22
1986,1,13,13
1986,2,13,22
1986,3,13,8
1986,4,13,13
1986,5,13,0
1986,6,13,0
1986,7,13,25
1986,8,13,0
1986,9,13,0
1986,10,13,22
1986,11,13,14
1986,12,13,24
1986,1,14,16
1986,2,14,16
1986,3,14,0
1986,4,14,26
1986,5,14,0
1986,6,14,0
1986,7,14,16
1986,8,14,0
1986,9,14,0
1986,10,14,0
1986,11,14,12
1986,12,14,13
1986,1,15,13
1986,2,15,11
1986,3,15,10
1986,4,15,25
1986,5,15,10
1986,6,15,0
1986,7,15,28
1986,8,15,0
1986,9,15,0
1986,10,15,0
1986,11,15,12
1986,12,15,0
1986,1,16,10
1986,2,16,0
1986,3,16,0
1986,4,16,21
1986,5,16,12
1986,6,16,0
1986,7,16,26
1986,8,16,9
1986,9,16,0
1986,10,16,11
1986,11,16,12
1986,12,16,11
1986,1,17,0
1986,2,17,0
1986,3,17,0
1986,4,17,13
1986,5,17,13
1986,6,17,0
1986,7,17,28
1986,8,17,8
1986,9,17,0
1986,10,17,16
1986,11,17,12
1986,12,17,9
1986,1,18,0
1986,2,18,0
1986,3,18,0
1986,4,18,15
1986,5,18,22
1986,6,18,0
1986,7,18,14
1986,8,18,0
1986,9,18,0
1986,10,18,22
1986,11,18,12
1986,12,18,0
1986,1,19,0
1986,2,19,0
1986,3,19,0
1986,4,19,13
1986,5,19,27
1986,6,19,0
1986,7,19,13
1986,8,19,0
1986,9,19,0
1986,10,19,31
1986,11,19,12
1986,12,19,0
1986,1,20,0
1986,2,20,10
1986,3,20,12
1986,4,20,16
1986,5,20,27
1986,6,20,0
1986,7,20,18
1986,8,20,11
1986,9,20,0
1986,10,20,39
1986,11,20,12
1986,12,20,0
1986,1,21,0
1986,2,21,10
1986,3,21,13
1986,4,21,22
1986,5,21,30
1986,6,21,0
1986,7,21,21
1986,8,21,12
1986,9,21,0
1986,10,21,47
1986,11,21,11
1986,12,21,11
1986,1,22,0
1986,2,22,10
1986,3,22,10
1986,4,22,20
1986,5,22,27
1986,6,22,0
1986,7,22,22
1986,8,22,12
1986,9,22,0
1986,10,22,57
1986,11,22,10
1986,12,22,16
1986,1,23,0
1986,2,23,10
1986,3,23,15
1986,4,23,42
1986,5,23,24
1986,6,23,0
1986,7,23,14
1986,8,23,14
1986,9,23,0
1986,10,23,71
1986,11,23,18
1986,12,23,16
1986,1,24,0
1986,2,24,8
1986,3,24,14
1986,4,24,58
1986,5,24,24
1986,6,24,0
1986,7,24,0
1986,8,24,9
1986,9,24,0
1986,10,24,76
1986,11,24,12
1986,12,24,13
1986,1,25,0
1986,2,25,11
1986,3,25,10
1986,4,25,43
1986,5,25,22
1986,6,25,8
1986,7,25,0
1986,8,25,9
1986,9,25,0
1986,10,25,68
1986,11,25,0
1986,12,25,9
1986,1,26,7
1986,2,26,9
1986,3,26,10
1986,4,26,43
1986,5,26,28
1986,6,26,0
1986,7,26,0
1986,8,26,9
1986,9,26,0
1986,10,26,60
1986,11,26,0
1986,12,26,0
1986,1,27,0
1986,2,27,15
1986,3,27,11
1986,4,27,33
1986,5,27,19
1986,6,27,0
1986,7,27,12
1986,8,27,9
1986,9,27,0
1986,10,27,65
1986,11,27,13
1986,12,27,0
1986,1,28,0
1986,2,28,10
1986,3,28,13
1986,4,28,23
1986,5,28,18
1986,6,28,0
1986,7,28,13
1986,8,28,9
1986,9,28,0
1986,10,28,61
1986,11,28,0
1986,12,28,0
1986,1,29,0
1986,3,29,11
1986,4,29,28
1986,5,29,19
1986,6,29,0
1986,7,29,17
1986,8,29,9
1986,9,29,8
1986,10,29,63
1986,11,29,8
1986,12,29,0
1986,1,30,10
1986,3,30,11
1986,4,30,27
1986,5,30,13
1986,6,30,0
1986,7,30,19
1986,8,30,9
1986,9,30,9
1986,10,30,62
1986,11,30,0
1986,12,30,0
1986,1,31,10
1986,3,31,0
1986,5,31,12
1986,7,31,17
1986,8,31,9
1986,10,31,50
1986,12,31,11
1987,1,1,19
1987,2,1,0
1987,3,1,13
1987,4,1,14
1987,5,1,39
1987,6,1,15
1987,7,1,13
1987,8,1,45
1987,9,1,33
1987,10,1,34
1987,11,1,56
1987,12,1,17
1987,1,2,15
1987,2,2,0
1987,3,2,23
1987,4,2,12
1987,5,2,40
1987,6,2,11
1987,7,2,0
1987,8,2,47
1987,9,2,38
1987,10,2,25
1987,11,2,57
1987,12,2,16
1987,1,3,13
1987,2,3,0
1987,3,3,15
1987,4,3,10
1987,5,3,27
1987,6,3,0
1987,7,3,0
1987,8,3,39
1987,9,3,37
1987,10,3,31
1987,11,3,57
1987,12,3,16
1987,1,4,12
1987,2,4,0
1987,3,4,16
1987,4,4,13
1987,5,4,23
1987,6,4,0
1987,7,4,0
1987,8,4,33
1987,9,4,38
1987,10,4,58
1987,11,4,46
1987,12,4,15
1987,1,5,11
1987,2,5,0
1987,3,5,24
1987,4,5,28
1987,5,5,24
1987,6,5,10
1987,7,5,0
1987,8,5,31
1987,9,5,39
1987,10,5,54
1987,11,5,47
1987,12,5,19
1987,1,6,10
1987,2,6,0
1987,3,6,23
1987,4,6,47
1987,5,6,27
1987,6,6,0
1987,7,6,0
1987,8,6,32
1987,9,6,44
1987,10,6,48
1987,11,6,27
1987,12,6,24
1987,1,7,11
1987,2,7,0
1987,3,7,24
1987,4,7,56
1987,5,7,34
1987,6,7,0
1987,7,7,9
1987,8,7,38
1987,9,7,56
1987,10,7,39
1987,11,7,31
1987,12,7,34
1987,1,8,0
1987,2,8,0
1987,3,8,22
1987,4,8,64
1987,5,8,25
1987,6,8,0
1987,7,8,12
1987,8,8,45
1987,9,8,67
1987,10,8,55
1987,11,8,43
1987,12,8,36
1987,1,9,0
1987,2,9,0
1987,3,9,14
1987,4,9,69
1987,5,9,23
1987,6,9,0
1987,7,9,13
1987,8,9,39
1987,9,9,64
1987,10,9,50
1987,11,9,42
1987,12,9,41
1987,1,10,0
1987,2,10,7
1987,3,10,11
1987,4,10,77
1987,5,10,25
1987,6,10,0
1987,7,10,11
1987,8,10,47
1987,9,10,59
1987,10,10,51
1987,11,10,30
1987,12,10,34
1987,1,11,0
1987,2,11,0
1987,3,11,9
1987,4,11,80
1987,5,11,26
1987,6,11,11
1987,7,11,0
1987,8,11,56
1987,9,11,58
1987,10,11,63
1987,11,11,28
1987,12,11,22
1987,1,12,0
1987,2,12,0
1987,3,12,0
1987,4,12,80
1987,5,12,23
1987,6,12,21
1987,7,12,0
1987,8,12,48
1987,9,12,44
1987,10,12,53
1987,11,12,25
1987,12,12,13
1987,1,13,0
1987,2,13,0
1987,3,13,0
1987,4,13,79
1987,5,13,22
1987,6,13,14
1987,7,13,0
1987,8,13,47
1987,9,13,25
1987,10,13,74
1987,11,13,18
1987,12,13,20
1987,1,14,8
1987,2,14,8
1987,3,14,10
1987,4,14,77
1987,5,14,13
1987,6,14,10
1987,7,14,0
1987,8,14,49
1987,9,14,20
1987,10,14,92
1987,11,14,23
1987,12,14,26
1987,1,15,9
1987,2,15,7
1987,3,15,11
1987,4,15,78
1987,5,15,39
1987,6,15,11
1987,7,15,13
1987,8,15,49
1987,9,15,21
1987,10,15,101
1987,11,15,22
1987,12,15,42
1987,1,16,0
1987,2,16,0
1987,3,16,11
1987,4,16,60
1987,5,16,50
1987,6,16,12
1987,7,16,17
1987,8,16,55
1987,9,16,24
1987,10,16,101
1987,11,16,33
1987,12,16,40
1987,1,17,13
1987,2,17,0
1987,3,17,22
1987,4,17,41
1987,5,17,68
1987,6,17,14
1987,7,17,14
1987,8,17,46
1987,9,17,25
1987,10,17,91
1987,11,17,46
1987,12,17,39
1987,1,18,13
1987,2,18,0
1987,3,18,21
1987,4,18,36
1987,5,18,54
1987,6,18,24
1987,7,18,17
1987,8,18,43
1987,9,18,30
1987,10,18,86
1987,11,18,48
1987,12,18,39
1987,1,19,9
1987,2,19,0
1987,3,19,12
1987,4,19,29
1987,5,19,65
1987,6,19,13
1987,7,19,23
1987,8,19,45
1987,9,19,35
1987,10,19,82
1987,11,19,51
1987,12,19,28
1987,1,20,9
1987,2,20,0
1987,3,20,12
1987,4,20,12
1987,5,20,46
1987,6,20,22
1987,7,20,38
1987,8,20,51
1987,9,20,38
1987,10,20,79
1987,11,20,49
1987,12,20,26
1987,1,21,14
1987,2,21,7
1987,3,21,15
1987,4,21,19
1987,5,21,41
1987,6,21,29
1987,7,21,67
1987,8,21,48
1987,9,21,32
1987,10,21,61
1987,11,21,51
1987,12,21,14
1987,1,22,20
1987,2,22,7
1987,3,22,17
1987,4,22,26
1987,5,22,38
1987,6,22,38
1987,7,22,87
1987,8,22,34
1987,9,22,23
1987,10,22,50
1987,11,22,70
1987,12,22,24
1987,1,23,23
1987,2,23,0
1987,3,23,19
1987,4,23,25
1987,5,23,40
1987,6,23,37
1987,7,23,102
1987,8,23,39
1987,9,23,26
1987,10,23,33
1987,11,23,83
1987,12,23,17
1987,1,24,14
1987,2,24,0
1987,3,24,19
1987,4,24,35
1987,5,24,38
1987,6,24,38
1987,7,24,92
1987,8,24,35
1987,9,24,25
1987,10,24,22
1987,11,24,56
1987,12,24,13
1987,1,25,13
1987,2,25,7
1987,3,25,16
1987,4,25,25
1987,5,25,37
1987,6,25,38
1987,7,25,88
1987,8,25,35
1987,9,25,12
1987,10,25,29
1987,11,25,42
1987,12,25,25
1987,1,26,14
1987,2,26,9
1987,3,26,12
1987,4,26,21
1987,5,26,37
1987,6,26,41
1987,7,26,85
1987,8,26,34
1987,9,26,12
1987,10,26,40
1987,11,26,47
1987,12,26,27
1987,1,27,13
1987,2,27,8
1987,3,27,11
1987,4,27,11
1987,5,27,35
1987,6,27,33
1987,7,27,77
1987,8,27,24
1987,9,27,19
1987,10,27,70
1987,11,27,21
1987,12,27,29
1987,1,28,20
1987,2,28,8
1987,3,28,12
1987,4,28,14
1987,5,28,21
1987,6,28,41
1987,7,28,60
1987,8,28,23
1987,9,28,22
1987,10,28,79
1987,11,28,11
1987,12,28,28
1987,1,29,15
1987,3,29,13
1987,4,29,20
1987,5,29,17
1987,6,29,25
1987,7,29,60
1987,8,29,13
1987,9,29,26
1987,10,29,82
1987,11,29,20
1987,12,29,30
1987,1,30,14
1987,3,30,15
1987,4,30,30
1987,5,30,15
1987,6,30,14
1987,7,30,62
1987,8,30,10
1987,9,30,26
1987,10,30,85
1987,11,30,16
1987,12,30,42
1987,1,31,11
1987,3,31,15
1987,5,31,12
1987,7,31,63
1987,8,31,20
1987,10,31,62
1987,12,31,43
1988,1,1,47
1988,2,1,63
1988,3,1,68
1988,4,1,110
1988,5,1,69
1988,6,1,95
1988,7,1,139
1988,8,1,142
1988,9,1,137
1988,10,1,109
1988,11,1,126
1988,12,1,128
1988,1,2,31
1988,2,2,68
1988,3,2,66
1988,4,2,96
1988,5,2,84
1988,6,2,96
1988,7,2,145
1988,8,2,143
1988,9,2,144
1988,10,2,117
1988,11,2,114
1988,12,2,114
1988,1,3,25
1988,2,3,68
1988,3,3,72
1988,4,3,94
1988,5,3,76
1988,6,3,100
1988,7,3,142
1988,8,3,146
1988,9,3,129
1988,10,3,129
1988,11,3,121
1988,12,3,139
1988,1,4,23
1988,2,4,74
1988,3,4,77
1988,4,4,74
1988,5,4,101
1988,6,4,105
1988,7,4,129
1988,8,4,135
1988,9,4,148
1988,10,4,128
1988,11,4,104
1988,12,4,122
1988,1,5,32
1988,2,5,58
1988,3,5,64
1988,4,5,66
1988,5,5,103
1988,6,5,125
1988,7,5,119
1988,8,5,120
1988,9,5,128
1988,10,5,130
1988,11,5,129
1988,12,5,149
1988,1,6,40
1988,2,6,43
1988,3,6,61
1988,4,6,62
1988,5,6,77
1988,6,6,145
1988,7,6,108
1988,8,6,123
1988,9,6,93
1988,10,6,123
1988,11,6,124
1988,12,6,149
1988,1,7,58
1988,2,7,44
1988,3,7,65
1988,4,7,84
1988,5,7,50
1988,6,7,141
1988,7,7,103
1988,8,7,144
1988,9,7,97
1988,10,7,128
1988,11,7,114
1988,12,7,144
1988,1,8,57
1988,2,8,46
1988,3,8,67
1988,4,8,92
1988,5,8,63
1988,6,8,151
1988,7,8,106
1988,8,8,160
1988,9,8,88
1988,10,8,131
1988,11,8,95
1988,12,8,111
1988,1,9,62
1988,2,9,50
1988,3,9,49
1988,4,9,115
1988,5,9,74
1988,6,9,173
1988,7,9,82
1988,8,9,171
1988,9,9,74
1988,10,9,125
1988,11,9,110
1988,12,9,122
1988,1,10,68
1988,2,10,38
1988,3,10,36
1988,4,10,107
1988,5,10,87
1988,6,10,144
1988,7,10,78
1988,8,10,152
1988,9,10,76
1988,10,10,146
1988,11,10,131
1988,12,10,133
1988,1,11,75
1988,2,11,26
1988,3,11,20
1988,4,11,115
1988,5,11,65
1988,6,11,108
1988,7,11,102
1988,8,11,135
1988,9,11,81
1988,10,11,148
1988,11,11,155
1988,12,11,152
1988,1,12,67
1988,2,12,14
1988,3,12,39
1988,4,12,118
1988,5,12,56
1988,6,12,77
1988,7,12,109
1988,8,12,133
1988,9,12,88
1988,10,12,169
1988,11,12,159
1988,12,12,175
1988,1,13,76
1988,2,13,23
1988,3,13,53
1988,4,13,120
1988,5,13,44
1988,6,13,47
1988,7,13,103
1988,8,13,122
1988,9,13,91
1988,10,13,150
1988,11,13,147
1988,12,13,187
1988,1,14,91
1988,2,14,28
1988,3,14,62
1988,4,14,138
1988,5,14,37
1988,6,14,53
1988,7,14,121
1988,8,14,128
1988,9,14,94
1988,10,14,131
1988,11,14,139
1988,12,14,213
1988,1,15,90
1988,2,15,33
1988,3,15,63
1988,4,15,145
1988,5,15,44
1988,6,15,65
1988,7,15,121
1988,8,15,121
1988,9,15,89
1988,10,15,109
1988,11,15,156
1988,12,15,225
1988,1,16,83
1988,2,16,42
1988,3,16,74
1988,4,16,157
1988,5,16,53
1988,6,16,81
1988,7,16,111
1988,8,16,91
1988,9,16,89
1988,10,16,108
1988,11,16,181
1988,12,16,226
1988,1,17,72
1988,2,17,35
1988,3,17,99
1988,4,17,144
1988,5,17,57
1988,6,17,76
1988,7,17,124
1988,8,17,67
1988,9,17,79
1988,10,17,125
1988,11,17,196
1988,12,17,232
1988,1,18,68
1988,2,18,55
1988,3,18,95
1988,4,18,137
1988,5,18,44
1988,6,18,67
1988,7,18,136
1988,8,18,47
1988,9,18,97
1988,10,18,134
1988,11,18,175
1988,12,18,222
1988,1,19,73
1988,2,19,66
1988,3,19,105
1988,4,19,108
1988,5,19,20
1988,6,19,70
1988,7,19,105
1988,8,19,57
1988,9,19,113
1988,10,19,133
1988,11,19,147
1988,12,19,223
1988,1,20,85
1988,2,20,51
1988,3,20,85
1988,4,20,88
1988,5,20,20
1988,6,20,77
1988,7,20,106
1988,8,20,57
1988,9,20,153
1988,10,20,119
1988,11,20,112
1988,12,20,218
1988,1,21,78
1988,2,21,27
1988,3,21,81
1988,4,21,79
1988,5,21,25
1988,6,21,95
1988,7,21,103
1988,8,21,40
1988,9,21,168
1988,10,21,117
1988,11,21,145
1988,12,21,210
1988,1,22,66
1988,2,22,15
1988,3,22,76
1988,4,22,72
1988,5,22,30
1988,6,22,92
1988,7,22,106
1988,8,22,21
1988,9,22,168
1988,10,22,109
1988,11,22,131
1988,12,22,255
1988,1,23,47
1988,2,23,13
1988,3,23,74
1988,4,23,43
1988,5,23,40
1988,6,23,91
1988,7,23,116
1988,8,23,26
1988,9,23,190
1988,10,23,104
1988,11,23,117
1988,12,23,235
1988,1,24,44
1988,2,24,23
1988,3,24,83
1988,4,24,30
1988,5,24,48
1988,6,24,93
1988,7,24,81
1988,8,24,43
1988,9,24,172
1988,10,24,121
1988,11,24,116
1988,12,24,199
1988,1,25,33
1988,2,25,19
1988,3,25,92
1988,4,25,40
1988,5,25,54
1988,6,25,111
1988,7,25,76
1988,8,25,76
1988,9,25,149
1988,10,25,124
1988,11,25,89
1988,12,25,183
1988,1,26,44
1988,2,26,15
1988,3,26,93
1988,4,26,44
1988,5,26,63
1988,6,26,107
1988,7,26,76
1988,8,26,93
1988,9,26,151
1988,10,26,119
1988,11,26,73
1988,12,26,174
1988,1,27,54
1988,2,27,31
1988,3,27,103
1988,4,27,36
1988,5,27,66
1988,6,27,111
1988,7,27,101
1988,8,27,142
1988,9,27,157
1988,10,27,120
1988,11,27,69
1988,12,27,175
1988,1,28,67
1988,2,28,40
1988,3,28,109
1988,4,28,41
1988,5,28,70
1988,6,28,116
1988,7,28,117
1988,8,28,146
1988,9,28,143
1988,10,28,119
1988,11,28,86
1988,12,28,196
1988,1,29,59
1988,2,29,52
1988,3,29,104
1988,4,29,39
1988,5,29,74
1988,6,29,121
1988,7,29,157
1988,8,29,164
1988,9,29,111
1988,10,29,128
1988,11,29,86
1988,12,29,194
1988,1,30,56
1988,3,30,108
1988,4,30,47
1988,5,30,83
1988,6,30,121
1988,7,30,161
1988,8,30,163
1988,9,30,106
1988,10,30,115
1988,11,30,107
1988,12,30,178
1988,1,31,57
1988,3,31,120
1988,5,31,86
1988,7,31,146
1988,8,31,151
1988,10,31,111
1988,12,31,172
1989,1,1,148
1989,2,1,141
1989,3,1,127
1989,4,1,104
1989,5,1,93
1989,6,1,136
1989,7,1,128
1989,8,1,171
1989,9,1,147
1989,10,1,129
1989,11,1,153
1989,12,1,198
1989,1,2,173
1989,2,2,144
1989,3,2,107
1989,4,2,122
1989,5,2,94
1989,6,2,148
1989,7,2,149
1989,8,2,196
1989,9,2,171
1989,10,2,150
1989,11,2,160
1989,12,2,182
1989,1,3,146
1989,2,3,164
1989,3,3,103
1989,4,3,140
1989,5,3,85
1989,6,3,158
1989,7,3,129
1989,8,3,193
1989,9,3,180
1989,10,3,167
1989,11,3,191
1989,12,3,203
1989,1,4,120
1989,2,4,133
1989,3,4,98
1989,4,4,115
1989,5,4,97
1989,6,4,157
1989,7,4,120
1989,8,4,213
1989,9,4,204
1989,10,4,186
1989,11,4,216
1989,12,4,182
1989,1,5,155
1989,2,5,127
1989,3,5,90
1989,4,5,106
1989,5,5,85
1989,6,5,171
1989,7,5,101
1989,8,5,227
1989,9,5,212
1989,10,5,209
1989,11,5,228
1989,12,5,192
1989,1,6,142
1989,2,6,127
1989,3,6,103
1989,4,6,139
1989,5,6,105
1989,6,6,145
1989,7,6,120
1989,8,6,220
1989,9,6,230
1989,10,6,189
1989,11,6,245
1989,12,6,184
1989,1,7,165
1989,2,7,132
1989,3,7,98
1989,4,7,170
1989,5,7,134
1989,6,7,130
1989,7,7,149
1989,8,7,215
1989,9,7,267
1989,10,7,168
1989,11,7,233
1989,12,7,217
1989,1,8,155
1989,2,8,161
1989,3,8,109
1989,4,8,185
1989,5,8,149
1989,6,8,143
1989,7,8,141
1989,8,8,218
1989,9,8,261
1989,10,8,166
1989,11,8,215
1989,12,8,167
1989,1,9,165
1989,2,9,172
1989,3,9,133
1989,4,9,153
1989,5,9,137
1989,6,9,168
1989,7,9,116
1989,8,9,218
1989,9,9,296
1989,10,9,187
1989,11,9,214
1989,12,9,161
1989,1,10,190
1989,2,10,192
1989,3,10,163
1989,4,10,122
1989,5,10,123
1989,6,10,192
1989,7,10,104
1989,8,10,200
1989,9,10,270
1989,10,10,178
1989,11,10,203
1989,12,10,148
1989,1,11,211
1989,2,11,190
1989,3,11,155
1989,4,11,106
1989,5,11,120
1989,6,11,203
1989,7,11,136
1989,8,11,202
1989,9,11,280
1989,10,11,191
1989,11,11,179
1989,12,11,104
1989,1,12,229
1989,2,12,216
1989,3,12,140
1989,4,12,96
1989,5,12,115
1989,6,12,218
1989,7,12,111
1989,8,12,188
1989,9,12,264
1989,10,12,154
1989,11,12,173
1989,12,12,99
1989,1,13,206
1989,2,13,219
1989,3,13,162
1989,4,13,92
1989,5,13,129
1989,6,13,253
1989,7,13,116
1989,8,13,207
1989,9,13,248
1989,10,13,148
1989,11,13,153
1989,12,13,107
1989,1,14,189
1989,2,14,208
1989,3,14,181
1989,4,14,103
1989,5,14,123
1989,6,14,251
1989,7,14,116
1989,8,14,197
1989,9,14,215
1989,10,14,159
1989,11,14,140
1989,12,14,100
1989,1,15,177
1989,2,15,191
1989,3,15,165
1989,4,15,120
1989,5,15,148
1989,6,15,264
1989,7,15,92
1989,8,15,203
1989,9,15,207
1989,10,15,189
1989,11,15,132
1989,12,15,84
1989,1,16,164
1989,2,16,195
1989,3,16,187
1989,4,16,130
1989,5,16,154
1989,6,16,265
1989,7,16,91
1989,8,16,177
1989,9,16,180
1989,10,16,209
1989,11,16,124
1989,12,16,101
1989,1,17,155
1989,2,17,209
1989,3,17,168
1989,4,17,144
1989,5,17,161
1989,6,17,233
1989,7,17,99
1989,8,17,192
1989,9,17,159
1989,10,17,206
1989,11,17,124
1989,12,17,120
1989,1,18,160
1989,2,18,163
1989,3,18,164
1989,4,18,137
1989,5,18,177
1989,6,18,216
1989,7,18,113
1989,8,18,189
1989,9,18,155
1989,10,18,184
1989,11,18,134
1989,12,18,123
1989,1,19,140
1989,2,19,164
1989,3,19,148
1989,4,19,160
1989,5,19,191
1989,6,19,235
1989,7,19,138
1989,8,19,202
1989,9,19,152
1989,10,19,159
1989,11,19,124
1989,12,19,131
1989,1,20,126
1989,2,20,169
1989,3,20,158
1989,4,20,165
1989,5,20,195
1989,6,20,232
1989,7,20,149
1989,8,20,209
1989,9,20,137
1989,10,20,140
1989,11,20,141
1989,12,20,127
1989,1,21,114
1989,2,21,149
1989,3,21,155
1989,4,21,175
1989,5,21,168
1989,6,21,187
1989,7,21,170
1989,8,21,203
1989,9,21,111
1989,10,21,152
1989,11,21,159
1989,12,21,111
1989,1,22,165
1989,2,22,142
1989,3,22,155
1989,4,22,167
1989,5,22,156
1989,6,22,174
1989,7,22,197
1989,8,22,160
1989,9,22,109
1989,10,22,158
1989,11,22,162
1989,12,22,150
1989,1,23,171
1989,2,23,134
1989,3,23,145
1989,4,23,128
1989,5,23,180
1989,6,23,196
1989,7,23,195
1989,8,23,133
1989,9,23,103
1989,10,23,145
1989,11,23,157
1989,12,23,201
1989,1,24,142
1989,2,24,153
1989,3,24,155
1989,4,24,135
1989,5,24,196
1989,6,24,215
1989,7,24,168
1989,8,24,129
1989,9,24,75
1989,10,24,131
1989,11,24,160
1989,12,24,191
1989,1,25,144
1989,2,25,189
1989,3,25,131
1989,4,25,132
1989,5,25,173
1989,6,25,227
1989,7,25,132
1989,8,25,105
1989,9,25,80
1989,10,25,121
1989,11,25,175
1989,12,25,209
1989,1,26,152
1989,2,26,163
1989,3,26,117
1989,4,26,125
1989,5,26,157
1989,6,26,237
1989,7,26,111
1989,8,26,82
1989,9,26,93
1989,10,26,109
1989,11,26,184
1989,12,26,221
1989,1,27,157
1989,2,27,147
1989,3,27,102
1989,4,27,118
1989,5,27,163
1989,6,27,206
1989,7,27,99
1989,8,27,57
1989,9,27,101
1989,10,27,97
1989,11,27,183
1989,12,27,240
1989,1,28,172
1989,2,28,128
1989,3,28,89
1989,4,28,109
1989,5,28,130
1989,6,28,187
1989,7,28,75
1989,8,28,50
1989,9,28,111
1989,10,28,116
1989,11,28,183
1989,12,28,249
1989,1,29,169
1989,3,29,95
1989,4,29,107
1989,5,29,121
1989,6,29,182
1989,7,29,112
1989,8,29,70
1989,9,29,134
1989,10,29,131
1989,11,29,164
1989,12,29,213
1989,1,30,157
1989,3,30,78
1989,4,30,114
1989,5,30,122
1989,6,30,156
1989,7,30,125
1989,8,30,94
1989,9,30,150
1989,10,30,156
1989,11,30,182
1989,12,30,214
1989,1,31,140
1989,3,31,91
1989,5,31,111
1989,7,31,132
1989,8,31,116
1989,10,31,157
1989,12,31,201
1990,1,1,186
1990,2,1,171
1990,3,1,173
1990,4,1,103
1990,5,1,70
1990,6,1,96
1990,7,1,272
1990,8,1,146
1990,9,1,120
1990,10,1,110
1990,11,1,77
1990,12,1,127
1990,1,2,176
1990,2,2,161
1990,3,2,171
1990,4,2,114
1990,5,2,59
1990,6,2,80
1990,7,2,253
1990,8,2,175
1990,9,2,116
1990,10,2,112
1990,11,2,81
1990,12,2,160
1990,1,3,166
1990,2,3,124
1990,3,3,163
1990,4,3,113
1990,5,3,61
1990,6,3,73
1990,7,3,264
1990,8,3,151
1990,9,3,126
1990,10,3,140
1990,11,3,108
1990,12,3,180
1990,1,4,174
1990,2,4,113
1990,3,4,126
1990,4,4,127
1990,5,4,86
1990,6,4,77
1990,7,4,241
1990,8,4,137
1990,9,4,134
1990,10,4,134
1990,11,4,146
1990,12,4,186
1990,1,5,164
1990,2,5,97
1990,3,5,98
1990,4,5,132
1990,5,5,80
1990,6,5,79
1990,7,5,213
1990,8,5,128
1990,9,5,118
1990,10,5,123
1990,11,5,154
1990,12,5,167
1990,1,6,144
1990,2,6,80
1990,3,6,104
1990,4,6,138
1990,5,6,106
1990,6,6,101
1990,7,6,186
1990,8,6,124
1990,9,6,118
1990,10,6,124
1990,11,6,197
1990,12,6,169
1990,1,7,129
1990,2,7,82
1990,3,7,105
1990,4,7,128
1990,5,7,132
1990,6,7,107
1990,7,7,173
1990,8,7,120
1990,9,7,112
1990,10,7,135
1990,11,7,209
1990,12,7,182
1990,1,8,138
1990,2,8,95
1990,3,8,88
1990,4,8,128
1990,5,8,138
1990,6,8,99
1990,7,8,135
1990,8,8,136
1990,9,8,112
1990,10,8,141
1990,11,8,208
1990,12,8,177
1990,1,9,125
1990,2,9,103
1990,3,9,71
1990,4,9,88
1990,5,9,133
1990,6,9,87
1990,7,9,102
1990,8,9,145
1990,9,9,113
1990,10,9,148
1990,11,9,188
1990,12,9,176
1990,1,10,134
1990,2,10,79
1990,3,10,80
1990,4,10,82
1990,5,10,116
1990,6,10,107
1990,7,10,88
1990,8,10,160
1990,9,10,121
1990,10,10,153
1990,11,10,163
1990,12,10,175
1990,1,11,164
1990,2,11,75
1990,3,11,73
1990,4,11,88
1990,5,11,126
1990,6,11,126
1990,7,11,106
1990,8,11,161
1990,9,11,116
1990,10,11,195
1990,11,11,167
1990,12,11,157
1990,1,12,172
1990,2,12,80
1990,3,12,85
1990,4,12,77
1990,5,12,146
1990,6,12,115
1990,7,12,110
1990,8,12,167
1990,9,12,124
1990,10,12,192
1990,11,12,151
1990,12,12,138
1990,1,13,179
1990,2,13,85
1990,3,13,83
1990,4,13,123
1990,5,13,144
1990,6,13,122
1990,7,13,114
1990,8,13,192
1990,9,13,142
1990,10,13,214
1990,11,13,118
1990,12,13,117
1990,1,14,147
1990,2,14,75
1990,3,14,90
1990,4,14,142
1990,5,14,141
1990,6,14,118
1990,7,14,118
1990,8,14,215
1990,9,14,178
1990,10,14,202
1990,11,14,119
1990,12,14,95
1990,1,15,157
1990,2,15,78
1990,3,15,110
1990,4,15,171
1990,5,15,144
1990,6,15,102
1990,7,15,98
1990,8,15,229
1990,9,15,162
1990,10,15,218
1990,11,15,113
1990,12,15,88
1990,1,16,152
1990,2,16,64
1990,3,16,129
1990,4,16,170
1990,5,16,157
1990,6,16,110
1990,7,16,95
1990,8,16,232
1990,9,16,156
1990,10,16,192
1990,11,16,102
1990,12,16,104
1990,1,17,164
1990,2,17,54
1990,3,17,123
1990,4,17,199
1990,5,17,167
1990,6,17,100
1990,7,17,87
1990,8,17,269
1990,9,17,137
1990,10,17,188
1990,11,17,110
1990,12,17,112
1990,1,18,177
1990,2,18,77
1990,3,18,167
1990,4,18,203
1990,5,18,170
1990,6,18,83
1990,7,18,57
1990,8,18,270
1990,9,18,136
1990,10,18,181
1990,11,18,97
1990,12,18,121
1990,1,19,199
1990,2,19,107
1990,3,19,202
1990,4,19,213
1990,5,19,187
1990,6,19,79
1990,7,19,61
1990,8,19,290
1990,9,19,151
1990,10,19,181
1990,11,19,109
1990,12,19,134
1990,1,20,236
1990,2,20,134
1990,3,20,217
1990,4,20,206
1990,5,20,187
1990,6,20,68
1990,7,20,81
1990,8,20,295
1990,9,20,145
1990,10,20,169
1990,11,20,98
1990,12,20,114
1990,1,21,217
1990,2,21,159
1990,3,21,211
1990,4,21,212
1990,5,21,193
1990,6,21,57
1990,7,21,123
1990,8,21,278
1990,9,21,150
1990,10,21,136
1990,11,21,102
1990,12,21,117
1990,1,22,208
1990,2,22,191
1990,3,22,195
1990,4,22,207
1990,5,22,187
1990,6,22,71
1990,7,22,143
1990,8,22,262
1990,9,22,141
1990,10,22,140
1990,11,22,125
1990,12,22,99
1990,1,23,200
1990,2,23,239
1990,3,23,206
1990,4,23,174
1990,5,23,160
1990,6,23,64
1990,7,23,165
1990,8,23,281
1990,9,23,117
1990,10,23,134
1990,11,23,114
1990,12,23,91
1990,1,24,191
1990,2,24,249
1990,3,24,209
1990,4,24,157
1990,5,24,158
1990,6,24,88
1990,7,24,201
1990,8,24,276
1990,9,24,101
1990,10,24,131
1990,11,24,118
1990,12,24,95
1990,1,25,206
1990,2,25,245
1990,3,25,204
1990,4,25,160
1990,5,25,146
1990,6,25,94
1990,7,25,204
1990,8,25,263
1990,9,25,94
1990,10,25,125
1990,11,25,110
1990,12,25,101
1990,1,26,203
1990,2,26,234
1990,3,26,188
1990,4,26,118
1990,5,26,134
1990,6,26,103
1990,7,26,196
1990,8,26,220
1990,9,26,93
1990,10,26,102
1990,11,26,117
1990,12,26,104
1990,1,27,211
1990,2,27,217
1990,3,27,168
1990,4,27,124
1990,5,27,139
1990,6,27,140
1990,7,27,177
1990,8,27,188
1990,9,27,77
1990,10,27,111
1990,11,27,109
1990,12,27,104
1990,1,28,193
1990,2,28,187
1990,3,28,129
1990,4,28,103
1990,5,28,121
1990,6,28,184
1990,7,28,165
1990,8,28,176
1990,9,28,113
1990,10,28,119
1990,11,28,134
1990,12,28,111
1990,1,29,185
1990,3,29,132
1990,4,29,94
1990,5,29,118
1990,6,29,203
1990,7,29,144
1990,8,29,186
1990,9,29,119
1990,10,29,98
1990,11,29,144
1990,12,29,109
1990,1,30,198
1990,3,30,133
1990,4,30,114
1990,5,30,90
1990,6,30,230
1990,7,30,117
1990,8,30,181
1990,9,30,115
1990,10,30,87
1990,11,30,153
1990,12,30,103
1990,1,31,201
1990,3,31,115
1990,5,31,101
1990,7,31,142
1990,8,31,155
1990,10,31,77
1990,12,31,108
1991,1,1,139
1991,2,1,205
1991,3,1,95
1991,4,1,89
1991,5,1,93
1991,6,1,177
1991,7,1,188
1991,8,1,132
1991,9,1,170
1991,10,1,155
1991,11,1,198
1991,12,1,102
1991,1,2,89
1991,2,2,209
1991,3,2,93
1991,4,2,92
1991,5,2,86
1991,6,2,175
1991,7,2,213
1991,8,2,138
1991,9,2,161
1991,10,2,147
1991,11,2,173
1991,12,2,96
1991,1,3,93
1991,2,3,176
1991,3,3,71
1991,4,3,118
1991,5,3,106
1991,6,3,171
1991,7,3,238
1991,8,3,143
1991,9,3,147
1991,10,3,159
1991,11,3,139
1991,12,3,124
1991,1,4,95
1991,2,4,144
1991,3,4,55
1991,4,4,139
1991,5,4,95
1991,6,4,179
1991,7,4,250
1991,8,4,136
1991,9,4,147
1991,10,4,158
1991,11,4,109
1991,12,4,116
1991,1,5,104
1991,2,5,127
1991,3,5,74
1991,4,5,160
1991,5,5,89
1991,6,5,180
1991,7,5,217
1991,8,5,148
1991,9,5,132
1991,10,5,165
1991,11,5,113
1991,12,5,131
1991,1,6,119
1991,2,6,117
1991,3,6,88
1991,4,6,159
1991,5,6,96
1991,6,6,167
1991,7,6,204
1991,8,6,119
1991,9,6,137
1991,10,6,129
1991,11,6,125
1991,12,6,133
1991,1,7,105
1991,2,7,119
1991,3,7,131
1991,4,7,164
1991,5,7,99
1991,6,7,171
1991,7,7,209
1991,8,7,120
1991,9,7,111
1991,10,7,115
1991,11,7,134
1991,12,7,154
1991,1,8,99
1991,2,8,118
1991,3,8,146
1991,4,8,146
1991,5,8,125
1991,6,8,210
1991,7,8,203
1991,8,8,106
1991,9,8,135
1991,10,8,116
1991,11,8,141
1991,12,8,174
1991,1,9,94
1991,2,9,134
1991,3,9,156
1991,4,9,172
1991,5,9,140
1991,6,9,240
1991,7,9,179
1991,8,9,89
1991,9,9,122
1991,10,9,137
1991,11,9,132
1991,12,9,209
1991,1,10,97
1991,2,10,136
1991,3,10,159
1991,4,10,167
1991,5,10,134
1991,6,10,241
1991,7,10,181
1991,8,10,75
1991,9,10,127
1991,10,10,149
1991,11,10,121
1991,12,10,212
1991,1,11,116
1991,2,11,140
1991,3,11,167
1991,4,11,195
1991,5,11,145
1991,6,11,250
1991,7,11,170
1991,8,11,86
1991,9,11,123
1991,10,11,141
1991,11,11,129
1991,12,11,211
1991,1,12,122
1991,2,12,153
1991,3,12,163
1991,4,12,227
1991,5,12,133
1991,6,12,219
1991,7,12,138
1991,8,12,98
1991,9,12,130
1991,10,12,129
1991,11,12,114
1991,12,12,187
1991,1,13,145
1991,2,13,166
1991,3,13,152
1991,4,13,197
1991,5,13,116
1991,6,13,175
1991,7,13,139
1991,8,13,126
1991,9,13,143
1991,10,13,125
1991,11,13,104
1991,12,13,177
1991,1,14,119
1991,2,14,163
1991,3,14,161
1991,4,14,211
1991,5,14,134
1991,6,14,177
1991,7,14,132
1991,8,14,122
1991,9,14,147
1991,10,14,138
1991,11,14,94
1991,12,14,175
1991,1,15,114
1991,2,15,173
1991,3,15,182
1991,4,15,227
1991,5,15,119
1991,6,15,154
1991,7,15,117
1991,8,15,164
1991,9,15,123
1991,10,15,145
1991,11,15,88
1991,12,15,155
1991,1,16,133
1991,2,16,159
1991,3,16,202
1991,4,16,188
1991,5,16,113
1991,6,16,165
1991,7,16,102
1991,8,16,212
1991,9,16,101
1991,10,16,126
1991,11,16,73
1991,12,16,135
1991,1,17,154
1991,2,17,136
1991,3,17,167
1991,4,17,172
1991,5,17,113
1991,6,17,149
1991,7,17,91
1991,8,17,257
1991,9,17,103
1991,10,17,111
1991,11,17,75
1991,12,17,124
1991,1,18,127
1991,2,18,191
1991,3,18,168
1991,4,18,171
1991,5,18,125
1991,6,18,142
1991,7,18,89
1991,8,18,279
1991,9,18,101
1991,10,18,111
1991,11,18,75
1991,12,18,133
1991,1,19,119
1991,2,19,206
1991,3,19,155
1991,4,19,173
1991,5,19,116
1991,6,19,143
1991,7,19,114
1991,8,19,280
1991,9,19,84
1991,10,19,88
1991,11,19,96
1991,12,19,134
1991,1,20,91
1991,2,20,198
1991,3,20,173
1991,4,20,161
1991,5,20,121
1991,6,20,113
1991,7,20,132
1991,8,20,291
1991,9,20,80
1991,10,20,83
1991,11,20,94
1991,12,20,117
1991,1,21,107
1991,2,21,223
1991,3,21,167
1991,4,21,115
1991,5,21,97
1991,6,21,147
1991,7,21,171
1991,8,21,300
1991,9,21,115
1991,10,21,77
1991,11,21,87
1991,12,21,109
1991,1,22,106
1991,2,22,214
1991,3,22,179
1991,4,22,79
1991,5,22,117
1991,6,22,135
1991,7,22,184
1991,8,22,294
1991,9,22,124
1991,10,22,81
1991,11,22,78
1991,12,22,108
1991,1,23,127
1991,2,23,200
1991,3,23,179
1991,4,23,72
1991,5,23,120
1991,6,23,124
1991,7,23,212
1991,8,23,275
1991,9,23,129
1991,10,23,107
1991,11,23,83
1991,12,23,110
1991,1,24,135
1991,2,24,192
1991,3,24,154
1991,4,24,33
1991,5,24,117
1991,6,24,135
1991,7,24,205
1991,8,24,259
1991,9,24,112
1991,10,24,138
1991,11,24,95
1991,12,24,130
1991,1,25,149
1991,2,25,194
1991,3,25,146
1991,4,25,39
1991,5,25,121
1991,6,25,137
1991,7,25,189
1991,8,25,215
1991,9,25,111
1991,10,25,161
1991,11,25,98
1991,12,25,143
1991,1,26,179
1991,2,26,187
1991,3,26,153
1991,4,26,73
1991,5,26,139
1991,6,26,150
1991,7,26,199
1991,8,26,177
1991,9,26,117
1991,10,26,171
1991,11,26,83
1991,12,26,150
1991,1,27,220
1991,2,27,175
1991,3,27,137
1991,4,27,82
1991,5,27,156
1991,6,27,143
1991,7,27,183
1991,8,27,147
1991,9,27,120
1991,10,27,217
1991,11,27,104
1991,12,27,132
1991,1,28,237
1991,2,28,134
1991,3,28,129
1991,4,28,119
1991,5,28,158
1991,6,28,162
1991,7,28,183
1991,8,28,157
1991,9,28,124
1991,10,28,221
1991,11,28,106
1991,12,28,138
1991,1,29,248
1991,3,29,140
1991,4,29,132
1991,5,29,150
1991,6,29,177
1991,7,29,182
1991,8,29,171
1991,9,29,144
1991,10,29,248
1991,11,29,104
1991,12,29,156
1991,1,30,239
1991,3,30,141
1991,4,30,129
1991,5,30,141
1991,6,30,183
1991,7,30,197
1991,8,30,166
1991,9,30,138
1991,10,30,223
1991,11,30,80
1991,12,30,151
1991,1,31,224
1991,3,31,115
1991,5,31,145
1991,7,31,173
1991,8,31,184
1991,10,31,197
1991,12,31,151
1992,1,1,141
1992,2,1,238
1992,3,1,166
1992,4,1,103
1992,5,1,88
1992,6,1,31
1992,7,1,78
1992,8,1,65
1992,9,1,47
1992,10,1,85
1992,11,1,104
1992,12,1,65
1992,1,2,144
1992,2,2,221
1992,3,2,124
1992,4,2,95
1992,5,2,86
1992,6,2,38
1992,7,2,66
1992,8,2,90
1992,9,2,49
1992,10,2,98
1992,11,2,88
1992,12,2,56
1992,1,3,177
1992,2,3,194
1992,3,3,106
1992,4,3,88
1992,5,3,90
1992,6,3,72
1992,7,3,63
1992,8,3,103
1992,9,3,44
1992,10,3,95
1992,11,3,68
1992,12,3,59
1992,1,4,184
1992,2,4,178
1992,3,4,92
1992,4,4,64
1992,5,4,98
1992,6,4,74
1992,7,4,71
1992,8,4,103
1992,9,4,46
1992,10,4,105
1992,11,4,86
1992,12,4,59
1992,1,5,183
1992,2,5,164
1992,3,5,65
1992,4,5,50
1992,5,5,96
1992,6,5,81
1992,7,5,78
1992,8,5,94
1992,9,5,47
1992,10,5,122
1992,11,5,95
1992,12,5,51
1992,1,6,185
1992,2,6,159
1992,3,6,69
1992,4,6,60
1992,5,6,93
1992,6,6,70
1992,7,6,77
1992,8,6,89
1992,9,6,52
1992,10,6,113
1992,11,6,95
1992,12,6,48
1992,1,7,190
1992,2,7,157
1992,3,7,103
1992,4,7,64
1992,5,7,72
1992,6,7,64
1992,7,7,79
1992,8,7,86
1992,9,7,44
1992,10,7,103
1992,11,7,96
1992,12,7,34
1992,1,8,204
1992,2,8,179
1992,3,8,106
1992,4,8,57
1992,5,8,82
1992,6,8,60
1992,7,8,83
1992,8,8,93
1992,9,8,38
1992,10,8,88
1992,11,8,74
1992,12,8,63
1992,1,9,193
1992,2,9,187
1992,3,9,118
1992,4,9,58
1992,5,9,79
1992,6,9,70
1992,7,9,102
1992,8,9,93
1992,9,9,57
1992,10,9,91
1992,11,9,76
1992,12,9,91
1992,1,10,183
1992,2,10,173
1992,3,10,125
1992,4,10,54
1992,5,10,73
1992,6,10,74
1992,7,10,129
1992,8,10,74
1992,9,10,54
1992,10,10,73
1992,11,10,74
1992,12,10,99
1992,1,11,155
1992,2,11,182
1992,3,11,122
1992,4,11,62
1992,5,11,68
1992,6,11,82
1992,7,11,133
1992,8,11,60
1992,9,11,59
1992,10,11,57
1992,11,11,84
1992,12,11,116
1992,1,12,143
1992,2,12,141
1992,3,12,125
1992,4,12,66
1992,5,12,80
1992,6,12,102
1992,7,12,132
1992,8,12,53
1992,9,12,63
1992,10,12,41
1992,11,12,83
1992,12,12,109
1992,1,13,142
1992,2,13,148
1992,3,13,138
1992,4,13,68
1992,5,13,87
1992,6,13,86
1992,7,13,126
1992,8,13,61
1992,9,13,77
1992,10,13,36
1992,11,13,62
1992,12,13,113
1992,1,14,108
1992,2,14,137
1992,3,14,130
1992,4,14,75
1992,5,14,78
1992,6,14,77
1992,7,14,151
1992,8,14,82
1992,9,14,77
1992,10,14,43
1992,11,14,69
1992,12,14,115
1992,1,15,107
1992,2,15,111
1992,3,15,110
1992,4,15,82
1992,5,15,65
1992,6,15,60
1992,7,15,161
1992,8,15,76
1992,9,15,75
1992,10,15,40
1992,11,15,70
1992,12,15,112
1992,1,16,87
1992,2,16,110
1992,3,16,107
1992,4,16,97
1992,5,16,45
1992,6,16,64
1992,7,16,159
1992,8,16,96
1992,9,16,76
1992,10,16,54
1992,11,16,84
1992,12,16,109
1992,1,17,76
1992,2,17,109
1992,3,17,85
1992,4,17,117
1992,5,17,41
1992,6,17,64
1992,7,17,140
1992,8,17,90
1992,9,17,62
1992,10,17,55
1992,11,17,100
1992,12,17,105
1992,1,18,71
1992,2,18,99
1992,3,18,75
1992,4,18,129
1992,5,18,59
1992,6,18,59
1992,7,18,102
1992,8,18,71
1992,9,18,54
1992,10,18,73
1992,11,18,102
1992,12,18,98
1992,1,19,88
1992,2,19,101
1992,3,19,78
1992,4,19,139
1992,5,19,54
1992,6,19,63
1992,7,19,88
1992,8,19,69
1992,9,19,63
1992,10,19,92
1992,11,19,108
1992,12,19,97
1992,1,20,115
1992,2,20,117
1992,3,20,88
1992,4,20,163
1992,5,20,59
1992,6,20,56
1992,7,20,66
1992,8,20,59
1992,9,20,62
1992,10,20,75
1992,11,20,98
1992,12,20,97
1992,1,21,142
1992,2,21,137
1992,3,21,91
1992,4,21,176
1992,5,21,110
1992,6,21,55
1992,7,21,65
1992,8,21,48
1992,9,21,65
1992,10,21,98
1992,11,21,85
1992,12,21,84
1992,1,22,127
1992,2,22,144
1992,3,22,90
1992,4,22,171
1992,5,22,106
1992,6,22,69
1992,7,22,67
1992,8,22,44
1992,9,22,66
1992,10,22,104
1992,11,22,95
1992,12,22,91
1992,1,23,117
1992,2,23,150
1992,3,23,92
1992,4,23,166
1992,5,23,113
1992,6,23,73
1992,7,23,54
1992,8,23,36
1992,9,23,89
1992,10,23,95
1992,11,23,115
1992,12,23,79
1992,1,24,112
1992,2,24,188
1992,3,24,109
1992,4,24,146
1992,5,24,99
1992,6,24,70
1992,7,24,43
1992,8,24,38
1992,9,24,90
1992,10,24,114
1992,11,24,122
1992,12,24,78
1992,1,25,127
1992,2,25,192
1992,3,25,119
1992,4,25,159
1992,5,25,66
1992,6,25,64
1992,7,25,37
1992,8,25,20
1992,9,25,75
1992,10,25,113
1992,11,25,125
1992,12,25,81
1992,1,26,148
1992,2,26,196
1992,3,26,116
1992,4,26,123
1992,5,26,57
1992,6,26,59
1992,7,26,54
1992,8,26,30
1992,9,26,84
1992,10,26,125
1992,11,26,116
1992,12,26,90
1992,1,27,173
1992,2,27,192
1992,3,27,111
1992,4,27,96
1992,5,27,80
1992,6,27,38
1992,7,27,61
1992,8,27,34
1992,9,27,86
1992,10,27,138
1992,11,27,116
1992,12,27,73
1992,1,28,187
1992,2,28,191
1992,3,28,110
1992,4,28,97
1992,5,28,59
1992,6,28,43
1992,7,28,53
1992,8,28,33
1992,9,28,62
1992,10,28,131
1992,11,28,99
1992,12,28,86
1992,1,29,196
1992,2,29,176
1992,3,29,121
1992,4,29,89
1992,5,29,41
1992,6,29,70
1992,7,29,39
1992,8,29,40
1992,9,29,72
1992,10,29,111
1992,11,29,92
1992,12,29,78
1992,1,30,219
1992,3,30,107
1992,4,30,80
1992,5,30,30
1992,6,30,67
1992,7,30,47
1992,8,30,35
1992,9,30,81
1992,10,30,100
1992,11,30,74
1992,12,30,69
1992,1,31,225
1992,3,31,111
1992,5,31,33
1992,7,31,53
1992,8,31,36
1992,10,31,82
1992,12,31,56
1993,1,1,46
1993,2,1,22
1993,3,1,76
1993,4,1,67
1993,5,1,33
1993,6,1,105
1993,7,1,58
1993,8,1,38
1993,9,1,26
1993,10,1,64
1993,11,1,13
1993,12,1,67
1993,1,2,41
1993,2,2,34
1993,3,2,80
1993,4,2,67
1993,5,2,32
1993,6,2,102
1993,7,2,61
1993,8,2,40
1993,9,2,24
1993,10,2,95
1993,11,2,19
1993,12,2,56
1993,1,3,38
1993,2,3,73
1993,3,3,84
1993,4,3,75
1993,5,3,42
1993,6,3,101
1993,7,3,66
1993,8,3,36
1993,9,3,22
1993,10,3,87
1993,11,3,18
1993,12,3,60
1993,1,4,52
1993,2,4,85
1993,3,4,93
1993,4,4,67
1993,5,4,69
1993,6,4,82
1993,7,4,80
1993,8,4,35
1993,9,4,23
1993,10,4,100
1993,11,4,20
1993,12,4,66
1993,1,5,71
1993,2,5,119
1993,3,5,105
1993,4,5,75
1993,5,5,77
1993,6,5,75
1993,7,5,73
1993,8,5,27
1993,9,5,22
1993,10,5,90
1993,11,5,30
1993,12,5,63
1993,1,6,84
1993,2,6,121
1993,3,6,96
1993,4,6,89
1993,5,6,75
1993,6,6,83
1993,7,6,58
1993,8,6,49
1993,9,6,14
1993,10,6,71
1993,11,6,33
1993,12,6,55
1993,1,7,81
1993,2,7,128
1993,3,7,93
1993,4,7,79
1993,5,7,74
1993,6,7,72
1993,7,7,45
1993,8,7,43
1993,9,7,12
1993,10,7,65
1993,11,7,34
1993,12,7,65
1993,1,8,89
1993,2,8,134
1993,3,8,82
1993,4,8,81
1993,5,8,81
1993,6,8,55
1993,7,8,40
1993,8,8,47
1993,9,8,12
1993,10,8,70
1993,11,8,33
1993,12,8,57
1993,1,9,94
1993,2,9,126
1993,3,9,85
1993,4,9,87
1993,5,9,87
1993,6,9,46
1993,7,9,38
1993,8,9,59
1993,9,9,16
1993,10,9,76
1993,11,9,26
1993,12,9,53
1993,1,10,100
1993,2,10,114
1993,3,10,81
1993,4,10,79
1993,5,10,120
1993,6,10,47
1993,7,10,31
1993,8,10,65
1993,9,10,9
1993,10,10,58
1993,11,10,25
1993,12,10,46
1993,1,11,91
1993,2,11,95
1993,3,11,86
1993,4,11,56
1993,5,11,125
1993,6,11,37
1993,7,11,35
1993,8,11,73
1993,9,11,12
1993,10,11,65
1993,11,11,14
1993,12,11,31
1993,1,12,94
1993,2,12,97
1993,3,12,77
1993,4,12,37
1993,5,12,116
1993,6,12,18
1993,7,12,35
1993,8,12,58
1993,9,12,9
1993,10,12,56
1993,11,12,15
1993,12,12,21
1993,1,13,96
1993,2,13,92
1993,3,13,67
1993,4,13,22
1993,5,13,85
1993,6,13,10
1993,7,13,51
1993,8,13,60
1993,9,13,10
1993,10,13,37
1993,11,13,21
1993,12,13,17
1993,1,14,69
1993,2,14,82
1993,3,14,56
1993,4,14,15
1993,5,14,59
1993,6,14,10
1993,7,14,63
1993,8,14,39
1993,9,14,10
1993,10,14,31
1993,11,14,22
1993,12,14,23
1993,1,15,58
1993,2,15,73
1993,3,15,60
1993,4,15,13
1993,5,15,51
1993,6,15,10
1993,7,15,66
1993,8,15,29
1993,9,15,10
1993,10,15,52
1993,11,15,27
1993,12,15,8
1993,1,16,59
1993,2,16,88
1993,3,16,56
1993,4,16,13
1993,5,16,37
1993,6,16,13
1993,7,16,63
1993,8,16,22
1993,9,16,23
1993,10,16,56
1993,11,16,32
1993,12,16,20
1993,1,17,62
1993,2,17,68
1993,3,17,60
1993,4,17,34
1993,5,17,32
1993,6,17,17
1993,7,17,67
1993,8,17,29
1993,9,17,21
1993,10,17,41
1993,11,17,37
1993,12,17,22
1993,1,18,66
1993,2,18,80
1993,3,18,69
1993,4,18,49
1993,5,18,24
1993,6,18,16
1993,7,18,80
1993,8,18,28
1993,9,18,19
1993,10,18,37
1993,11,18,37
1993,12,18,28
1993,1,19,68
1993,2,19,88
1993,3,19,72
1993,4,19,51
1993,5,19,14
1993,6,19,15
1993,7,19,82
1993,8,19,28
1993,9,19,15
1993,10,19,44
1993,11,19,42
1993,12,19,18
1993,1,20,52
1993,2,20,97
1993,3,20,70
1993,4,20,89
1993,5,20,33
1993,6,20,24
1993,7,20,71
1993,8,20,23
1993,9,20,15
1993,10,20,63
1993,11,20,43
1993,12,20,27
1993,1,21,47
1993,2,21,92
1993,3,21,78
1993,4,21,98
1993,5,21,25
1993,6,21,26
1993,7,21,66
1993,8,21,31
1993,9,21,14
1993,10,21,73
1993,11,21,56
1993,12,21,37
1993,1,22,34
1993,2,22,100
1993,3,22,73
1993,4,22,93
1993,5,22,19
1993,6,22,27
1993,7,22,58
1993,8,22,42
1993,9,22,14
1993,10,22,61
1993,11,22,56
1993,12,22,44
1993,1,23,30
1993,2,23,101
1993,3,23,63
1993,4,23,96
1993,5,23,22
1993,6,23,51
1993,7,23,68
1993,8,23,42
1993,9,23,16
1993,10,23,58
1993,11,23,53
1993,12,23,54
1993,1,24,45
1993,2,24,90
1993,3,24,42
1993,4,24,98
1993,5,24,33
1993,6,24,50
1993,7,24,66
1993,8,24,56
1993,9,24,23
1993,10,24,55
1993,11,24,54
1993,12,24,63
1993,1,25,51
1993,2,25,88
1993,3,25,40
1993,4,25,88
1993,5,25,53
1993,6,25,59
1993,7,25,61
1993,8,25,53
1993,9,25,43
1993,10,25,43
1993,11,25,40
1993,12,25,75
1993,1,26,37
1993,2,26,86
1993,3,26,46
1993,4,26,53
1993,5,26,66
1993,6,26,59
1993,7,26,55
1993,8,26,44
1993,9,26,43
1993,10,26,50
1993,11,26,46
1993,12,26,62
1993,1,27,43
1993,2,27,86
1993,3,27,51
1993,4,27,62
1993,5,27,59
1993,6,27,67
1993,7,27,60
1993,8,27,49
1993,9,27,49
1993,10,27,39
1993,11,27,44
1993,12,27,69
1993,1,28,37
1993,2,28,88
1993,3,28,51
1993,4,28,54
1993,5,28,74
1993,6,28,69
1993,7,28,59
1993,8,28,48
1993,9,28,52
1993,10,28,29
1993,11,28,53
1993,12,28,61
1993,1,29,35
1993,3,29,54
1993,4,29,41
1993,5,29,91
1993,6,29,79
1993,7,29,47
1993,8,29,49
1993,9,29,48
1993,10,29,23
1993,11,29,55
1993,12,29,73
1993,1,30,36
1993,3,30,58
1993,4,30,38
1993,5,30,97
1993,6,30,70
1993,7,30,45
1993,8,30,37
1993,9,30,46
1993,10,30,30
1993,11,30,69
1993,12,30,75
1993,1,31,32
1993,3,31,61
1993,5,31,96
1993,7,31,46
1993,8,31,30
1993,10,31,28
1993,12,31,99
1994,1,1,86
1994,2,1,29
1994,3,1,49
1994,4,1,17
1994,5,1,18
1994,6,1,0
1994,7,1,32
1994,8,1,11
1994,9,1,38
1994,10,1,16
1994,11,1,45
1994,12,1,11
1994,1,2,77
1994,2,2,31
1994,3,2,56
1994,4,2,0
1994,5,2,35
1994,6,2,0
1994,7,2,43
1994,8,2,10
1994,9,2,49
1994,10,2,18
1994,11,2,48
1994,12,2,9
1994,1,3,93
1994,2,3,38
1994,3,3,62
1994,4,3,0
1994,5,3,26
1994,6,3,0
1994,7,3,39
1994,8,3,13
1994,9,3,59
1994,10,3,16
1994,11,3,34
1994,12,3,0
1994,1,4,103
1994,2,4,44
1994,3,4,54
1994,4,4,0
1994,5,4,12
1994,6,4,0
1994,7,4,41
1994,8,4,14
1994,9,4,53
1994,10,4,27
1994,11,4,28
1994,12,4,10
1994,1,5,104
1994,2,5,38
1994,3,5,50
1994,4,5,7
1994,5,5,9
1994,6,5,0
1994,7,5,27
1994,8,5,18
1994,9,5,65
1994,10,5,48
1994,11,5,31
1994,12,5,15
1994,1,6,101
1994,2,6,40
1994,3,6,60
1994,4,6,0
1994,5,6,10
1994,6,6,12
1994,7,6,27
1994,8,6,17
1994,9,6,57
1994,10,6,53
1994,11,6,24
1994,12,6,12
1994,1,7,94
1994,2,7,46
1994,3,7,52
1994,4,7,0
1994,5,7,14
1994,6,7,16
1994,7,7,47
1994,8,7,13
1994,9,7,57
1994,10,7,46
1994,11,7,17
1994,12,7,20
1994,1,8,81
1994,2,8,41
1994,3,8,46
1994,4,8,8
1994,5,8,19
1994,6,8,43
1994,7,8,60
1994,8,8,12
1994,9,8,47
1994,10,8,44
1994,11,8,16
1994,12,8,25
1994,1,9,66
1994,2,9,40
1994,3,9,41
1994,4,9,8
1994,5,9,12
1994,6,9,43
1994,7,9,49
1994,8,9,12
1994,9,9,41
1994,10,9,50
1994,11,9,23
1994,12,9,42
1994,1,10,47
1994,2,10,32
1994,3,10,29
1994,4,10,9
1994,5,10,17
1994,6,10,50
1994,7,10,60
1994,8,10,15
1994,9,10,31
1994,10,10,49
1994,11,10,24
1994,12,10,44
1994,1,11,42
1994,2,11,29
1994,3,11,32
1994,4,11,11
1994,5,11,19
1994,6,11,63
1994,7,11,72
1994,8,11,20
1994,9,11,19
1994,10,11,48
1994,11,11,16
1994,12,11,57
1994,1,12,41
1994,2,12,36
1994,3,12,40
1994,4,12,10
1994,5,12,27
1994,6,12,53
1994,7,12,68
1994,8,12,36
1994,9,12,10
1994,10,12,45
1994,11,12,17
1994,12,12,51
1994,1,13,45
1994,2,13,46
1994,3,13,36
1994,4,13,13
1994,5,13,32
1994,6,13,59
1994,7,13,59
1994,8,13,39
1994,9,13,9
1994,10,13,48
1994,11,13,8
1994,12,13,40
1994,1,14,36
1994,2,14,39
1994,3,14,18
1994,4,14,12
1994,5,14,31
1994,6,14,58
1994,7,14,45
1994,8,14,44
1994,9,14,9
1994,10,14,60
1994,11,14,9
1994,12,14,35
1994,1,15,35
1994,2,15,34
1994,3,15,26
1994,4,15,19
1994,5,15,30
1994,6,15,54
1994,7,15,43
1994,8,15,42
1994,9,15,8
1994,10,15,57
1994,11,15,8
1994,12,15,32
1994,1,16,29
1994,2,16,37
1994,3,16,22
1994,4,16,12
1994,5,16,33
1994,6,16,52
1994,7,16,54
1994,8,16,43
1994,9,16,8
1994,10,16,51
1994,11,16,8
1994,12,16,26
1994,1,17,25
1994,2,17,43
1994,3,17,22
1994,4,17,17
1994,5,17,39
1994,6,17,42
1994,7,17,53
1994,8,17,41
1994,9,17,12
1994,10,17,39
1994,11,17,10
1994,12,17,35
1994,1,18,30
1994,2,18,42
1994,3,18,18
1994,4,18,17
1994,5,18,33
1994,6,18,37
1994,7,18,48
1994,8,18,39
1994,9,18,22
1994,10,18,55
1994,11,18,19
1994,12,18,34
1994,1,19,28
1994,2,19,28
1994,3,19,13
1994,4,19,21
1994,5,19,28
1994,6,19,30
1994,7,19,27
1994,8,19,43
1994,9,19,14
1994,10,19,56
1994,11,19,15
1994,12,19,33
1994,1,20,35
1994,2,20,16
1994,3,20,8
1994,4,20,28
1994,5,20,25
1994,6,20,19
1994,7,20,29
1994,8,20,30
1994,9,20,0
1994,10,20,49
1994,11,20,9
1994,12,20,21
1994,1,21,53
1994,2,21,19
1994,3,21,17
1994,4,21,31
1994,5,21,25
1994,6,21,12
1994,7,21,27
1994,8,21,19
1994,9,21,0
1994,10,21,41
1994,11,21,7
1994,12,21,18
1994,1,22,65
1994,2,22,35
1994,3,22,24
1994,4,22,38
1994,5,22,21
1994,6,22,15
1994,7,22,19
1994,8,22,10
1994,9,22,11
1994,10,22,29
1994,11,22,8
1994,12,22,30
1994,1,23,60
1994,2,23,33
1994,3,23,22
1994,4,23,37
1994,5,23,19
1994,6,23,24
1994,7,23,16
1994,8,23,23
1994,9,23,12
1994,10,23,28
1994,11,23,8
1994,12,23,21
1994,1,24,70
1994,2,24,34
1994,3,24,32
1994,4,24,40
1994,5,24,9
1994,6,24,37
1994,7,24,14
1994,8,24,12
1994,9,24,14
1994,10,24,28
1994,11,24,8
1994,12,24,30
1994,1,25,66
1994,2,25,29
1994,3,25,37
1994,4,25,30
1994,5,25,9
1994,6,25,28
1994,7,25,12
1994,8,25,12
1994,9,25,16
1994,10,25,27
1994,11,25,18
1994,12,25,36
1994,1,26,67
1994,2,26,32
1994,3,26,24
1994,4,26,30
1994,5,26,0
1994,6,26,15
1994,7,26,17
1994,8,26,12
1994,9,26,26
1994,10,26,56
1994,11,26,17
1994,12,26,43
1994,1,27,58
1994,2,27,38
1994,3,27,15
1994,4,27,31
1994,5,27,0
1994,6,27,10
1994,7,27,14
1994,8,27,11
1994,9,27,28
1994,10,27,57
1994,11,27,20
1994,12,27,29
1994,1,28,49
1994,2,28,46
1994,3,28,14
1994,4,28,15
1994,5,28,0
1994,6,28,15
1994,7,28,16
1994,8,28,13
1994,9,28,21
1994,10,28,57
1994,11,28,23
1994,12,28,17
1994,1,29,43
1994,3,29,14
1994,4,29,9
1994,5,29,0
1994,6,29,26
1994,7,29,7
1994,8,29,16
1994,9,29,17
1994,10,29,55
1994,11,29,11
1994,12,29,17
1994,1,30,38
1994,3,30,26
1994,4,30,12
1994,5,30,0
1994,6,30,27
1994,7,30,12
1994,8,30,22
1994,9,30,17
1994,10,30,59
1994,11,30,10
1994,12,30,10
1994,1,31,26
1994,3,31,24
1994,5,31,0
1994,7,31,10
1994,8,31,35
1994,10,31,51
1994,12,31,9
